Position,Const,Created,Modified,Description,Title,URL,Title Type,IMDb Rating,Runtime (mins),Year,Genres,Num Votes,Release Date,Directors,Your Rating,Date Rated
1,tt0165325,2012-12-28,2014-01-18,,Immagini di un convento,https://www.imdb.com/title/tt0165325/,movie,5.7,82,1979,"Adult, Drama",614,1979-08-07,Joe D'Amato,8,2012-12-28
2,tt0237680,2012-12-30,2012-12-30,,Sacred Flesh,https://www.imdb.com/title/tt0237680/,movie,3.4,75,2000,,430,2000-03-17,Nigel Wingrove,3,2012-12-30
3,tt1139797,2012-12-30,2012-12-30,,Låt den rätte komma in,https://www.imdb.com/title/tt1139797/,movie,7.9,115,2008,"Drama, Horror, Romance",186722,2008-01-26,Tomas Alfredson,,
4,tt1454505,2013-01-01,2013-01-01,,Napapiirin sankarit,https://www.imdb.com/title/tt1454505/,movie,6.9,92,2010,"Comedy, Drama, Romance",5054,2010-09-10,Dome Karukoski,,
5,tt0070636,2013-01-02,2013-01-02,,Satanico Pandemonium: La Sexorcista,https://www.imdb.com/title/tt0070636/,movie,6.3,89,1975,"Horror, Mystery, Thriller",698,1975-06-26,Gilberto Martínez Solares,,
6,tt2125608,2013-01-02,2013-01-02,,Searching for Sugar Man,https://www.imdb.com/title/tt2125608/,movie,8.2,86,2012,"Documentary, Biography, Music",54940,2012-01-19,Malik Bendjelloul,10,2013-10-10
7,tt1584016,2013-01-03,2013-01-03,,Catfish,https://www.imdb.com/title/tt1584016/,movie,7.1,87,2010,Documentary,37459,2010-01-22,"Henry Joost, Ariel Schulman",,
8,tt2125666,2013-01-03,2013-01-03,,The Queen of Versailles,https://www.imdb.com/title/tt2125666/,movie,7.1,100,2012,Documentary,11506,2012-01-19,Lauren Greenfield,,
9,tt1319744,2013-01-03,2013-01-03,,The Interrupters,https://www.imdb.com/title/tt1319744/,movie,7.5,125,2011,"Documentary, Crime",3237,2011-01-21,Steve James,,
10,tt1787725,2013-01-05,2013-01-05,,If a Tree Falls: A Story of the Earth Liberation Front,https://www.imdb.com/title/tt1787725/,movie,7.2,85,2011,"Documentary, Biography, Crime, Drama, History, News, Thriller",2848,2011-01-01,"Sam Cullman, Marshall Curry",,
11,tt2158668,2013-01-05,2013-01-05,,My Big Fat Fetish,https://www.imdb.com/title/tt2158668/,tvMovie,5.5,47,2012,Documentary,17,2012-05-22,"Jon Cahn, Nick Betts",,
12,tt2120152,2013-01-05,2013-01-05,,The Invisible War,https://www.imdb.com/title/tt2120152/,movie,7.6,93,2012,"Documentary, Crime",6193,2012-01-20,Kirby Dick,,
13,tt1588342,2013-01-11,2013-01-11,,Snabba cash II,https://www.imdb.com/title/tt1588342/,movie,6.2,99,2012,"Action, Crime, Drama, Thriller",6257,2012-08-10,Babak Najafi,,
14,tt1142977,2013-01-13,2013-01-13,,Frankenweenie,https://www.imdb.com/title/tt1142977/,movie,7.0,87,2012,"Animation, Comedy, Family, Horror, Sci-Fi",83228,2012-09-20,Tim Burton,,
15,tt0893356,2013-01-18,2013-01-18,,Nanking,https://www.imdb.com/title/tt0893356/,movie,7.8,90,2007,"Biography, History, War",3126,2007-01-01,"Bill Guttentag, Dan Sturman",,
16,tt1853728,2013-01-19,2013-01-19,,Django Unchained,https://www.imdb.com/title/tt1853728/,movie,8.4,165,2012,"Drama, Western",1107309,2012-12-11,Quentin Tarantino,,
17,tt0815241,2013-01-20,2013-01-20,,Religulous,https://www.imdb.com/title/tt0815241/,movie,7.7,101,2008,"Documentary, Comedy, War",54827,2008-08-01,Larry Charles,,
18,tt0104140,2013-01-20,2013-01-20,,Dream Deceivers: The Story Behind James Vance vs. Judas Priest,https://www.imdb.com/title/tt0104140/,movie,7.3,60,1992,"Documentary, Music",251,1992-08-06,David Van Taylor,,
19,tt0874423,2013-01-23,2013-01-23,,Zoo,https://www.imdb.com/title/tt0874423/,movie,5.6,75,2007,Documentary,2456,2007-01-20,Robinson Devor,,
20,tt0443272,2013-01-26,2013-01-26,,Lincoln,https://www.imdb.com/title/tt0443272/,movie,7.4,150,2012,"Biography, Drama, History, War",216386,2012-10-08,Steven Spielberg,,
21,tt0456006,2013-01-26,2013-01-26,,Slippin': Ten Years with the Bloods,https://www.imdb.com/title/tt0456006/,movie,6.8,84,2005,Documentary,217,2005-04-23,"Joachim Schroeder, Tommy Sowards",,
22,tt0318997,2013-01-26,2013-01-26,,Angels in America,https://www.imdb.com/title/tt0318997/,tvMiniSeries,8.3,352,2003,"Drama, Fantasy, Romance",23322,2003-12-07,,,
23,tt0069089,2013-01-27,2013-01-27,,Pink Flamingos,https://www.imdb.com/title/tt0069089/,movie,6.1,93,1972,"Comedy, Crime",18666,1972-03-17,John Waters,,
24,tt1570989,2013-02-01,2013-02-01,,Tiny Furniture,https://www.imdb.com/title/tt1570989/,movie,6.2,98,2010,"Comedy, Drama, Romance",12932,2010-03-15,Lena Dunham,,
25,tt2599898,2013-02-02,2013-02-02,,Tavarataivas,https://www.imdb.com/title/tt2599898/,movie,6.5,83,2013,"Documentary, Comedy",518,2013-01-23,Petri Luukkainen,,
26,tt1942884,2013-02-03,2013-02-03,,Indie Game: The Movie,https://www.imdb.com/title/tt1942884/,movie,7.7,94,2012,"Documentary, Drama",18860,2012-01-20,"Lisanne Pajot, James Swirsky",,
27,tt0388789,2013-02-04,2013-02-04,,Born Into Brothels: Calcutta's Red Light Kids,https://www.imdb.com/title/tt0388789/,movie,7.3,85,2004,Documentary,13681,2004-01-17,"Ross Kauffman, Zana Briski",,
28,tt1294182,2013-02-07,2013-02-07,,Living in Emergency,https://www.imdb.com/title/tt1294182/,movie,8.5,93,2008,Documentary,993,2008-08-29,Mark N. Hopkins,,
29,tt2359085,2013-02-16,2013-02-16,,Hitler's Children,https://www.imdb.com/title/tt2359085/,movie,7.4,59,2011,"Documentary, History",1031,2011-05-01,Chanoch Ze'evi,,
30,tt1972663,2013-02-19,2013-02-19,,Into the Abyss,https://www.imdb.com/title/tt1972663/,movie,7.3,107,2011,"Documentary, Crime, Drama",14082,2011-09-08,Werner Herzog,,
31,tt1523326,2013-02-27,2013-02-27,,Limbo,https://www.imdb.com/title/tt1523326/,movie,6.1,105,2010,Drama,451,2010-09-10,Maria Sødahl,,
32,tt2131541,2013-03-01,2013-03-01,,Kohta 18,https://www.imdb.com/title/tt2131541/,movie,6.3,110,2012,Drama,501,2012-03-09,Maarit Lalli,,
33,tt1371111,2013-03-04,2013-03-04,,Cloud Atlas,https://www.imdb.com/title/tt1371111/,movie,7.5,172,2012,"Action, Drama, Mystery, Sci-Fi",311300,2012-09-08,"Lilly Wachowski, Lana Wachowski, Tom Tykwer",,
34,tt2309788,2013-03-06,2013-03-06,,The Gatekeepers,https://www.imdb.com/title/tt2309788/,movie,7.6,101,2012,"Documentary, History, War",4983,2012-07-10,Dror Moreh,,
35,tt2185178,2013-03-12,2013-03-12,,Korsoteoria,https://www.imdb.com/title/tt2185178/,short,6.8,30,2012,"Short, Drama",142,2012-03-09,Antti Heikki Pesonen,,
36,tt2365776,2013-03-13,2013-03-13,,Sirocco,https://www.imdb.com/title/tt2365776/,short,5.4,14,2012,"Short, Drama",75,2012-06-23,Mikko Kuparinen,,
37,tt2124803,2013-03-17,2013-03-17,,How to Survive a Plague,https://www.imdb.com/title/tt2124803/,movie,7.6,110,2012,"Documentary, History, News",3295,2012-01-22,David France,,
38,tt0460542,2013-04-03,2013-04-03,,The Real Da Vinci Code,https://www.imdb.com/title/tt0460542/,tvSpecial,6.9,90,2005,Documentary,340,2005-02-03,Kashaf Chaudhry,,
39,tt1560747,2013-04-11,2013-04-11,,The Master,https://www.imdb.com/title/tt1560747/,movie,7.1,138,2012,Drama,120095,2012-09-01,Paul Thomas Anderson,,
40,tt2085002,2013-04-13,2013-04-13,,Äta sova dö,https://www.imdb.com/title/tt2085002/,movie,6.5,104,2012,Drama,1808,2012-09-02,Gabriela Pichler,,
41,tt2261629,2013-04-14,2013-04-14,,Hilton!,https://www.imdb.com/title/tt2261629/,movie,6.4,78,2013,"Documentary, Romance",197,2013-01-22,Virpi Suutari,,
42,tt0107086,2013-05-06,2013-05-06,,Hated: GG Allin & the Murder Junkies,https://www.imdb.com/title/tt0107086/,movie,7.3,52,1993,"Documentary, Biography, Music",2340,1993-08-13,Todd Phillips,10,2017-09-16
43,tt2101441,2013-05-20,2013-05-20,,Spring Breakers,https://www.imdb.com/title/tt2101441/,movie,5.3,94,2012,"Crime, Drama",118815,2012-09-05,Harmony Korine,,
44,tt1602613,2013-06-08,2013-06-08,,Only God Forgives,https://www.imdb.com/title/tt1602613/,movie,5.7,90,2013,"Crime, Drama",94229,2013-05-22,Nicolas Winding Refn,,
45,tt1707386,2013-06-10,2013-06-10,,Les Misérables,https://www.imdb.com/title/tt1707386/,movie,7.6,158,2012,"Drama, History, Musical, Romance, War",268804,2012-12-05,Tom Hooper,,
46,tt2066922,2013-06-14,2013-06-14,,Metsän tarina,https://www.imdb.com/title/tt2066922/,movie,7.0,75,2012,"Documentary, Family",274,2012-12-28,"Kim Saarniluoto, Ville Suhonen",,
47,tt2621714,2013-07-08,2013-07-08,,American Vagabond,https://www.imdb.com/title/tt2621714/,movie,6.8,85,2013,Documentary,132,2013-02-27,Susanna Helke,,
48,tt2243389,2013-07-25,2013-07-25,,Los amantes pasajeros,https://www.imdb.com/title/tt2243389/,movie,5.6,90,2013,Comedy,19091,2013-03-08,Pedro Almodóvar,,
49,tt0096257,2013-08-15,2013-08-15,,The Thin Blue Line,https://www.imdb.com/title/tt0096257/,movie,8.1,101,1988,"Documentary, Crime, Drama, Mystery",18280,1988-08-25,Errol Morris,,
50,tt1971514,2013-08-15,2013-08-15,,Salvo,https://www.imdb.com/title/tt1971514/,movie,6.0,110,2013,"Crime, Drama, Romance",986,2013-05-16,"Fabio Grassadonia, Antonio Piazza",,
51,tt1974212,2013-08-15,2013-08-15,,Aynehaye rooberoo,https://www.imdb.com/title/tt1974212/,movie,7.1,98,2011,Drama,362,2011-02-01,Negar Azarbayjani,,
52,tt2705574,2013-08-15,2013-08-15,,Mittsommernachtstango,https://www.imdb.com/title/tt2705574/,movie,7.2,84,2013,"Documentary, Music",113,2013-04-14,Viviane Blumenschein,,
53,tt2317102,2013-08-15,2013-08-15,,De wederopstanding van een klootzak,https://www.imdb.com/title/tt2317102/,movie,6.4,90,2013,Drama,502,2013-01-23,Guido van Driel,,
54,tt1531901,2013-08-15,2013-08-15,,Byzantium,https://www.imdb.com/title/tt1531901/,movie,6.5,118,2012,"Drama, Fantasy, Horror, Thriller",35751,2012-09-09,Neil Jordan,,
55,tt1854535,2013-08-15,2013-08-15,,Gaigimet,https://www.imdb.com/title/tt1854535/,movie,7.2,90,2012,"Comedy, Drama",467,2012-09-06,Rusudan Chkonia,,
56,tt2293138,2013-08-15,2013-08-15,,Vive la France,https://www.imdb.com/title/tt2293138/,movie,5.8,94,2013,Comedy,3061,2013-01-16,Michaël Youn,,
57,tt1674773,2013-08-15,2013-08-15,,Hannah Arendt,https://www.imdb.com/title/tt1674773/,movie,7.1,113,2012,"Biography, Drama",8643,2012-09-11,Margarethe von Trotta,,
58,tt1743993,2013-08-15,2013-08-15,,When the Lights Went Out,https://www.imdb.com/title/tt1743993/,movie,5.4,86,2012,Horror,4108,2012-01-31,Pat Holden,1,2013-08-27
59,tt2164718,2013-08-18,2013-08-18,,Rock Ba-Casba,https://www.imdb.com/title/tt2164718/,movie,6.6,93,2012,"Action, Drama, History, War",288,2012-07-07,Yariv Horowitz,,
60,tt2381951,2013-08-27,2013-08-27,,Kummisetäni thaimorsian,https://www.imdb.com/title/tt2381951/,movie,5.2,58,2012,"Documentary, Drama",46,2012-11-16,Wille Hyvönen,,
61,tt0068646,2013-08-28,2013-08-28,,The Godfather,https://www.imdb.com/title/tt0068646/,movie,9.2,175,1972,"Crime, Drama",1313424,1972-03-14,Francis Ford Coppola,,
62,tt2375605,2013-08-31,2013-08-31,,The Act of Killing,https://www.imdb.com/title/tt2375605/,movie,8.2,117,2012,"Documentary, Crime",28584,2012-08-31,"Joshua Oppenheimer, Christine Cynn, Anonymous",,
63,tt0109508,2013-08-31,2013-08-31,,Crumb,https://www.imdb.com/title/tt0109508/,movie,8.0,119,1994,"Documentary, Biography, Comedy",15661,1994-09-10,Terry Zwigoff,,
64,tt0157894,2013-08-31,2013-08-31,,The Killing of America,https://www.imdb.com/title/tt0157894/,movie,7.7,90,1981,"Documentary, Crime",1456,1981-09-05,"Leonard Schrader, Sheldon Renan",,
65,tt0342172,2013-09-01,2013-09-01,,Capturing the Friedmans,https://www.imdb.com/title/tt0342172/,movie,7.8,107,2003,"Documentary, Biography",21080,2003-01-17,Andrew Jarecki,,
66,tt0230591,2013-09-01,2013-09-01,,One Day in September,https://www.imdb.com/title/tt0230591/,movie,7.9,94,1999,"Documentary, History, Sport",5222,1999-10-22,Kevin Macdonald,,
67,tt0799954,2013-09-06,2013-09-06,,The Bridge,https://www.imdb.com/title/tt0799954/,movie,7.3,94,2006,"Documentary, Drama",10092,2006-04-27,Eric Steel,,
68,tt1704619,2013-09-06,2013-09-06,,Tabloid,https://www.imdb.com/title/tt1704619/,movie,7.1,87,2010,"Documentary, Crime",5791,2010-09-03,Errol Morris,,
69,tt1966604,2013-09-07,2013-09-07,,The Imposter,https://www.imdb.com/title/tt1966604/,movie,7.5,99,2012,"Documentary, Biography",39631,2012-01-23,Bart Layton,,
70,tt0063522,2013-09-15,2013-09-15,,Rosemary's Baby,https://www.imdb.com/title/tt0063522/,movie,8.0,137,1968,"Drama, Horror",156903,1968-06-12,Roman Polanski,10,2017-09-16
71,tt0052751,2013-09-15,2013-09-15,,Donald in Mathmagic Land,https://www.imdb.com/title/tt0052751/,short,7.9,27,1959,"Animation, Short, Comedy, Family, Fantasy",1798,1959-06-26,"Les Clark, Wolfgang Reitherman, Joshua Meador, Hamilton Luske",,
72,tt1733785,2013-09-16,2013-09-16,,Bron/Broen,https://www.imdb.com/title/tt1733785/,tvSeries,8.6,60,2011,"Crime, Mystery, Thriller",40615,2011-09-21,,,
73,tt0141842,2013-09-16,2013-09-16,,The Sopranos,https://www.imdb.com/title/tt0141842/,tvSeries,9.2,55,1999,"Crime, Drama",224093,1999-01-10,,,
74,tt1403214,2013-09-19,2013-09-19,,Paradies: Liebe,https://www.imdb.com/title/tt1403214/,movie,7.0,120,2012,Drama,7046,2012-05-18,Ulrich Seidl,,
75,tt1464783,2013-09-22,2013-09-22,,The Great Hip Hop Hoax,https://www.imdb.com/title/tt1464783/,movie,7.1,93,2013,"Documentary, Comedy, Music",475,2013-03-14,Jeanie Finlay,,
76,tt2852376,2013-09-24,2013-09-24,,Heli,https://www.imdb.com/title/tt2852376/,movie,6.8,105,2013,"Crime, Drama, Romance, Thriller",4109,2013-05-16,Amat Escalante,,
77,tt2737310,2013-09-26,2013-09-26,,Mistaken for Strangers,https://www.imdb.com/title/tt2737310/,movie,7.3,75,2013,"Documentary, Comedy, Music",3898,2013-04-17,Tom Berninger,,
78,tt0874289,2013-09-27,2013-09-27,,America Undercover: The Iceman Tapes: Conversations with a Killer,https://www.imdb.com/title/tt0874289/,tvEpisode,7.7,47,1992,Documentary,715,1992-04-07,"Tom Spain, Arthur Ginsberg",,
79,tt2076871,2013-09-28,2013-09-28,,Kelly + Victor,https://www.imdb.com/title/tt2076871/,movie,5.7,95,2012,Drama,644,2012-10-16,Kieran Evans,,
80,tt2217458,2013-09-29,2013-09-29,,Flores Raras,https://www.imdb.com/title/tt2217458/,movie,7.0,118,2013,"Biography, Drama, Romance",2311,2013-02-09,Bruno Barreto,,
81,tt2017634,2013-09-29,2013-09-29,,Kink,https://www.imdb.com/title/tt2017634/,movie,6.3,80,2013,Documentary,1020,2013-01-19,Christina Voros,,
82,tt2120779,2013-10-02,2013-10-02,,Jason Becker: Not Dead Yet,https://www.imdb.com/title/tt2120779/,movie,8.1,87,2012,"Documentary, Biography, Music",1060,2012-03-03,Jesse Vile,,
83,tt2125423,2013-10-26,2013-10-26,,Five Broken Cameras,https://www.imdb.com/title/tt2125423/,movie,8.0,94,2011,"Documentary, War",5274,2011-11-23,"Guy Davidi, Emad Burnat",,
84,tt1291580,2013-10-31,2013-10-31,,Behind the Candelabra,https://www.imdb.com/title/tt1291580/,tvMovie,7.0,118,2013,"Biography, Drama, Romance",35753,2013-05-21,Steven Soderbergh,,
85,tt2309021,2013-11-01,2013-11-01,,We Are What We Are,https://www.imdb.com/title/tt2309021/,movie,5.9,105,2013,"Drama, Horror, Thriller",17261,2013-01-18,Jim Mickle,,
86,tt2396495,2013-11-02,2013-11-02,,Fresh Meat,https://www.imdb.com/title/tt2396495/,movie,5.4,91,2012,"Comedy, Horror",1372,2012-10-15,Danny Mulheron,,
87,tt1792576,2013-11-08,2013-11-08,,Jobriath A.D.,https://www.imdb.com/title/tt1792576/,movie,7.3,102,2012,Documentary,119,2012-06-15,Kieran Turner,,
88,tt2325909,2013-11-11,2013-11-11,,Kerron sinulle kaiken,https://www.imdb.com/title/tt2325909/,movie,6.8,95,2013,"Drama, Romance",599,2013-03-08,Simo Halinen,,
89,tt0387564,2013-12-07,2013-12-07,,Saw,https://www.imdb.com/title/tt0387564/,movie,7.6,103,2004,"Crime, Horror, Mystery, Thriller",332677,2004-01-19,James Wan,,
90,tt0432348,2013-12-09,2013-12-09,,Saw II,https://www.imdb.com/title/tt0432348/,movie,6.6,93,2005,"Horror, Mystery",207042,2005-10-28,Darren Lynn Bousman,,
91,tt0489270,2013-12-10,2013-12-10,,Saw III,https://www.imdb.com/title/tt0489270/,movie,6.2,108,2006,Horror,157525,2006-10-26,Darren Lynn Bousman,,
92,tt0890870,2013-12-10,2013-12-10,,Saw IV,https://www.imdb.com/title/tt0890870/,movie,5.9,93,2007,"Horror, Mystery",123772,2007-10-25,Darren Lynn Bousman,,
93,tt1132626,2013-12-11,2013-12-11,,Saw V,https://www.imdb.com/title/tt1132626/,movie,5.8,92,2008,"Horror, Mystery",99874,2008-10-23,David Hackl,,
94,tt1233227,2013-12-12,2013-12-12,,Saw VI,https://www.imdb.com/title/tt1233227/,movie,6.0,90,2009,"Horror, Mystery",87138,2009-10-22,Kevin Greutert,,
95,tt2278871,2013-12-13,2013-12-13,,La vie d'Adèle,https://www.imdb.com/title/tt2278871/,movie,7.8,180,2013,"Drama, Romance",111882,2013-05-23,Abdellatif Kechiche,,
96,tt2167873,2013-12-14,2013-12-14,,Rouva Presidentti,https://www.imdb.com/title/tt2167873/,movie,5.6,90,2012,Documentary,176,2012-03-30,Aleksi Bardy,,
97,tt1411274,2013-12-14,2013-12-14,,Laulu koti-ikävästä,https://www.imdb.com/title/tt1411274/,movie,7.2,90,2012,"Documentary, Drama, Music, Musical",267,2012-09-23,Mika Ronkainen,,
98,tt0073076,2013-12-16,2013-12-16,,Grey Gardens,https://www.imdb.com/title/tt0073076/,movie,7.7,94,1975,"Documentary, Comedy, Drama",9645,1975-09-27,"David Maysles, Muffie Meyer, Ellen Hovde, Albert Maysles",,
99,tt1477076,2013-12-16,2013-12-16,,Saw 3D,https://www.imdb.com/title/tt1477076/,movie,5.6,90,2010,"Horror, Mystery",77883,2010-10-22,Kevin Greutert,,
100,tt2106476,2013-12-19,2013-12-19,,Jagten,https://www.imdb.com/title/tt2106476/,movie,8.3,115,2012,Drama,211947,2012-05-20,Thomas Vinterberg,,
101,tt0100895,2013-12-21,2013-12-21,,Vääpeli Körmy ja marsalkan sauva,https://www.imdb.com/title/tt0100895/,movie,5.4,111,1990,Comedy,544,1990-11-02,Ere Kokkonen,,
102,tt1034314,2013-12-22,2013-12-22,,Iron Sky,https://www.imdb.com/title/tt1034314/,movie,5.9,93,2012,"Action, Comedy, Sci-Fi",84156,2012-02-11,Timo Vuorensola,,
103,tt2205100,2013-12-22,2013-12-22,,Uroot,https://www.imdb.com/title/tt2205100/,short,5.1,8,2011,"Short, Comedy",35,2012-09-01,Oskari Sipola,,
104,tt2478166,2013-12-22,2013-12-22,,Poliisi selvittää,https://www.imdb.com/title/tt2478166/,short,5.6,8,2012,"Short, Comedy",50,2012-03-08,Aleksi Salmenperä,,
105,tt2328024,2013-12-22,2013-12-22,,I've Only Just Begun,https://www.imdb.com/title/tt2328024/,short,6.1,6,2012,"Short, Action, Drama, Musical",51,2012-08-08,Elias Koskimies,,
106,tt2247154,2013-12-22,2013-12-22,,Treffit,https://www.imdb.com/title/tt2247154/,short,6.0,7,2012,"Short, Comedy, Drama",106,2012-09-22,Jenni Toivoniemi,,
107,tt2256646,2013-12-22,2013-12-22,,Pitääkö mun kaikki hoitaa?,https://www.imdb.com/title/tt2256646/,short,6.7,7,2012,"Short, Comedy, Drama, Family",893,2012-02-17,Selma Vilhunen,,
108,tt2335836,2013-12-22,2013-12-22,,Sano kiitos ja tanssi,https://www.imdb.com/title/tt2335836/,short,6.0,6,2012,"Short, Comedy, Drama",78,2012-08-09,Antti Heikki Pesonen,,
109,tt1908559,2013-12-22,2013-12-22,,Sielunsieppaaja,https://www.imdb.com/title/tt1908559/,short,5.8,14,2011,"Documentary, Short, Drama",19,2011-03-10,P.V. Lehtinen,,
110,tt2183122,2013-12-22,2013-12-22,,Svamp,https://www.imdb.com/title/tt2183122/,short,4.9,9,2011,"Short, Comedy, Drama",42,2011-01-29,Charlotta Miller,,
111,tt0103228,2013-12-23,2013-12-23,,Vääpeli Körmy ja vetenalaiset vehkeet,https://www.imdb.com/title/tt0103228/,movie,4.9,87,1991,Comedy,539,1991-10-18,Ere Kokkonen,,
112,tt0243155,2013-12-24,2013-12-24,,Bridget Jones's Diary,https://www.imdb.com/title/tt0243155/,movie,6.7,97,2001,"Comedy, Drama, Romance",193562,2001-04-04,Sharon Maguire,,
113,tt1379182,2013-12-26,2013-12-26,,Kynodontas,https://www.imdb.com/title/tt1379182/,movie,7.3,94,2009,"Drama, Thriller",57824,2009-05-18,Yorgos Lanthimos,,
114,tt0469021,2013-12-27,2013-12-27,,Alan Partridge: Alpha Papa,https://www.imdb.com/title/tt0469021/,movie,6.9,90,2013,"Comedy, Crime",26553,2013-07-24,Declan Lowney,,
115,tt0400497,2013-12-29,2013-12-29,,Herbie Fully Loaded,https://www.imdb.com/title/tt0400497/,movie,4.8,101,2005,"Adventure, Comedy, Family, Fantasy, Romance, Sport",39864,2005-06-19,Angela Robinson,,
116,tt0493459,2013-12-29,2013-12-29,,This Film Is Not Yet Rated,https://www.imdb.com/title/tt0493459/,movie,7.5,98,2006,Documentary,26230,2006-01-25,Kirby Dick,,
117,tt0181288,2013-12-29,2013-12-29,,American Movie,https://www.imdb.com/title/tt0181288/,movie,7.9,107,1999,"Documentary, Comedy",14735,1999-01-01,Chris Smith,,
118,tt0110057,2013-12-29,2013-12-29,,Hoop Dreams,https://www.imdb.com/title/tt0110057/,movie,8.3,170,1994,"Documentary, Drama, Sport",21126,1994-01-01,Steve James,,
119,tt1093824,2013-12-29,2013-12-29,,Encounters at the End of the World,https://www.imdb.com/title/tt1093824/,movie,7.8,99,2007,Documentary,15283,2007-09-01,Werner Herzog,,
120,tt2125653,2013-12-31,2013-12-31,,The House I Live In,https://www.imdb.com/title/tt2125653/,movie,7.9,108,2012,Documentary,4895,2012-01-21,Eugene Jarecki,,
121,tt0217505,2014-01-04,2014-01-04,,Gangs of New York,https://www.imdb.com/title/tt0217505/,movie,7.5,167,2002,"Crime, Drama",349201,2002-12-09,Martin Scorsese,,
122,tt0142688,2014-01-06,2014-01-06,,The Ninth Gate,https://www.imdb.com/title/tt0142688/,movie,6.7,133,1999,"Mystery, Thriller",147357,1999-08-25,Roman Polanski,,
123,tt1028532,2014-01-10,2014-01-10,,Hachi: A Dog's Tale,https://www.imdb.com/title/tt1028532/,movie,8.1,93,2009,"Drama, Family",197016,2009-06-13,Lasse Hallström,,
124,tt2132285,2014-01-12,2014-01-12,,The Bling Ring,https://www.imdb.com/title/tt2132285/,movie,5.6,90,2013,"Biography, Crime, Drama",74308,2013-05-16,Sofia Coppola,,
125,tt2545118,2014-01-13,2014-01-13,,Blackfish,https://www.imdb.com/title/tt2545118/,movie,8.1,83,2013,"Documentary, Drama",52718,2013-01-19,Gabriela Cowperthwaite,,
126,tt2064713,2014-01-14,2014-01-14,,A Band Called Death,https://www.imdb.com/title/tt2064713/,movie,7.5,96,2012,"Documentary, Biography, Music",3082,2012-06-16,"Mark Christopher Covino, Jeff Howlett",,
127,tt2366450,2014-01-15,2014-01-15,,Stories We Tell,https://www.imdb.com/title/tt2366450/,movie,7.6,108,2012,Documentary,10615,2012-08-30,Sarah Polley,,
128,tt2085910,2014-01-15,2014-01-15,,Room 237,https://www.imdb.com/title/tt2085910/,movie,6.2,102,2012,Documentary,18579,2012-01-23,Rodney Ascher,,
129,tt2130321,2014-01-15,2014-01-15,,West of Memphis,https://www.imdb.com/title/tt2130321/,movie,7.9,147,2012,"Documentary, Crime",8589,2012-01-21,Amy Berg,,
130,tt1277936,2014-01-15,2014-01-15,,Cropsey,https://www.imdb.com/title/tt1277936/,movie,6.4,84,2009,"Documentary, Crime, Horror, Mystery",6522,2009-04-25,"Barbara Brancaccio, Joshua Zeman",,
131,tt1151309,2014-01-16,2014-01-16,,Bigger Stronger Faster*,https://www.imdb.com/title/tt1151309/,movie,7.6,105,2008,"Documentary, Sport",12474,2008-01-19,Chris Bell,,
132,tt2492916,2014-01-17,2014-01-17,,Muscle Shoals,https://www.imdb.com/title/tt2492916/,movie,7.7,111,2013,"Documentary, Biography, History, Music",3077,2013-01-26,Greg 'Freddy' Camalier,,
133,tt2370248,2014-01-18,2014-01-18,,Short Term 12,https://www.imdb.com/title/tt2370248/,movie,8.0,96,2013,Drama,66669,2013-03-10,Destin Daniel Cretton,,
134,tt2296697,2014-01-18,2014-01-18,,Concussion,https://www.imdb.com/title/tt2296697/,movie,5.7,96,2013,Drama,3437,2013-01-19,Stacie Passon,,
135,tt2024544,2014-01-18,2014-01-18,,12 Years a Slave,https://www.imdb.com/title/tt2024544/,movie,8.1,134,2013,"Biography, Drama, History",525015,2013-08-30,Steve McQueen,,
136,tt1457767,2014-01-19,2014-01-19,,The Conjuring,https://www.imdb.com/title/tt1457767/,movie,7.5,112,2013,"Horror, Mystery, Thriller",354254,2013-06-08,James Wan,,
137,tt2088714,2014-01-19,2014-01-19,,Call Me Kuchu,https://www.imdb.com/title/tt2088714/,movie,7.6,87,2012,"Documentary, Drama",690,2012-02-11,"Malika Zouhali-Worrall, Katherine Fairfax Wright",,
138,tt1934269,2014-01-20,2014-01-20,,Yossi,https://www.imdb.com/title/tt1934269/,movie,7.0,84,2012,"Drama, Romance",2468,2012-04-19,Eytan Fox,,
139,tt3479540,2014-01-24,2014-01-24,,Loputon Gehennan liekki,https://www.imdb.com/title/tt3479540/,movie,6.5,51,2011,"Documentary, Music",155,2011-10-27,Sami Kettunen,,
140,tt2521668,2014-01-26,2014-01-26,,Les Revenants,https://www.imdb.com/title/tt2521668/,tvSeries,8.2,52,2012,"Drama, Fantasy, Horror, Mystery",17602,2012-11-26,,,
141,tt2910328,2014-01-30,2014-01-30,,No Fire Zone: The Killing Fields of Sri Lanka,https://www.imdb.com/title/tt2910328/,movie,6.6,49,2013,"Documentary, Crime",305,2013-03-23,Callum Macrae,,
142,tt1682181,2014-02-07,2014-02-07,,Bully,https://www.imdb.com/title/tt1682181/,movie,7.4,98,2011,Documentary,9387,2011-04-23,Lee Hirsch,,
143,tt2306745,2014-02-07,2014-02-07,,Sound City,https://www.imdb.com/title/tt2306745/,movie,7.8,107,2013,"Documentary, Music",10912,2013-01-18,Dave Grohl,,
144,tt0993846,2014-02-09,2014-02-09,,The Wolf of Wall Street,https://www.imdb.com/title/tt0993846/,movie,8.2,180,2013,"Biography, Comedy, Crime, Drama",931414,2013-12-17,Martin Scorsese,,
145,tt1937390,2014-02-10,2014-02-10,,Nymphomaniac: Vol. I,https://www.imdb.com/title/tt1937390/,movie,7.0,117,2013,Drama,97337,2013-12-25,Lars von Trier,,
146,tt2382009,2014-02-10,2014-02-10,,Nymphomaniac: Vol. II,https://www.imdb.com/title/tt2382009/,movie,6.7,123,2013,Drama,71178,2013-12-25,Lars von Trier,,
147,tt0870984,2014-02-11,2014-02-11,,Antichrist,https://www.imdb.com/title/tt0870984/,movie,6.6,108,2009,"Drama, Horror",98889,2009-05-18,Lars von Trier,,
148,tt0072235,2014-02-15,2014-02-15,,Sweet Movie,https://www.imdb.com/title/tt0072235/,movie,6.3,98,1974,"Comedy, Drama, Mystery",4532,1974-05-01,Dusan Makavejev,,
149,tt1800241,2014-03-08,2014-03-08,,American Hustle,https://www.imdb.com/title/tt1800241/,movie,7.3,138,2013,"Crime, Drama",395045,2013-12-12,David O. Russell,,
150,tt2355540,2014-03-09,2014-03-09,,Cutie and the Boxer,https://www.imdb.com/title/tt2355540/,movie,7.2,82,2013,"Documentary, Biography",4140,2013-01-19,Zachary Heinzerling,,
151,tt0125439,2014-03-13,2014-03-13,,Notting Hill,https://www.imdb.com/title/tt0125439/,movie,7.1,124,1999,"Comedy, Drama, Romance",226619,1999-05-13,Roger Michell,,
152,tt2862392,2014-03-28,2014-03-28,,Näin unta elämästä,https://www.imdb.com/title/tt2862392/,movie,7.2,76,2014,Documentary,89,2014-03-28,"Jukka Kärkkäinen, Sini Liimatainen",,
153,tt2243246,2014-04-04,2014-04-04,,Alcan Highway,https://www.imdb.com/title/tt2243246/,movie,6.9,75,2013,"Documentary, Drama",186,2013-03-07,Aleksi Salmenperä,,
154,tt0137523,2014-04-19,2014-04-19,,Fight Club,https://www.imdb.com/title/tt0137523/,movie,8.8,139,1999,Drama,1538703,1999-09-10,David Fincher,,
155,tt2727008,2014-04-24,2014-04-24,,Rites of Blood,https://www.imdb.com/title/tt2727008/,video,4.0,98,2004,Horror,16,2004-09-03,Sami Haavisto,,
156,tt0903747,2014-05-17,2014-05-17,,Breaking Bad,https://www.imdb.com/title/tt0903747/,tvSeries,9.5,49,2008,"Crime, Drama, Thriller",1067417,2008-01-20,,,
157,tt1545103,2014-05-18,2014-05-18,,Rush: Beyond the Lighted Stage,https://www.imdb.com/title/tt1545103/,movie,8.5,107,2010,"Documentary, Biography, Music",3379,2010-04-24,"Sam Dunn, Scot McFadyen",,
158,tt2358891,2014-06-15,2014-06-15,,La grande bellezza,https://www.imdb.com/title/tt2358891/,movie,7.8,141,2013,Drama,66054,2013-05-21,Paolo Sorrentino,,
159,tt1014799,2014-07-06,2014-07-06,,Holy Wars,https://www.imdb.com/title/tt1014799/,movie,7.4,84,2010,Documentary,149,2010-01-01,Stephen Marshall,,
160,tt0060675,2014-07-16,2014-07-16,,Masculin féminin,https://www.imdb.com/title/tt0060675/,movie,7.6,110,1966,"Drama, Romance",9935,1966-03-22,Jean-Luc Godard,,
161,tt0165798,2014-07-22,2014-07-22,,Ghost Dog: The Way of the Samurai,https://www.imdb.com/title/tt0165798/,movie,7.5,116,1999,"Action, Crime, Drama, Thriller",76119,1999-05-19,Jim Jarmusch,,
162,tt2581244,2014-08-05,2014-08-05,,Life After Beth,https://www.imdb.com/title/tt2581244/,movie,5.6,89,2014,"Comedy, Horror, Romance",16071,2014-01-19,Jeff Baena,,
163,tt2567712,2014-08-06,2014-08-06,,Starred Up,https://www.imdb.com/title/tt2567712/,movie,7.4,106,2013,"Crime, Drama",36741,2013-08-30,David Mackenzie,,
164,tt2425486,2014-08-08,2014-08-08,,Gloria,https://www.imdb.com/title/tt2425486/,movie,6.7,110,2013,"Comedy, Drama, Romance",6843,2013-02-10,Sebastián Lelio,,
165,tt2504022,2014-08-10,2014-08-10,,Narco Cultura,https://www.imdb.com/title/tt2504022/,movie,7.2,103,2013,Documentary,2225,2013-01-21,Shaul Schwarz,,
166,tt3326366,2014-08-11,2014-08-11,,Whitey: United States of America v. James J. Bulger,https://www.imdb.com/title/tt3326366/,movie,6.8,107,2014,"Documentary, Biography, Crime",2608,2014-01-18,Joe Berlinger,,
167,tt0085518,2014-08-11,2014-08-11,,Faces of Death II,https://www.imdb.com/title/tt0085518/,movie,3.3,85,1981,"Documentary, Horror",1497,1981-05-01,John Alan Schwartz,,
168,tt0150490,2014-08-12,2014-08-12,,Executions,https://www.imdb.com/title/tt0150490/,video,6.4,56,1995,Documentary,403,1995-06-01,"David Monaghan, David Herman, Arun Kumar",,
169,tt2396566,2014-08-19,2014-08-19,,Twenty Feet from Stardom,https://www.imdb.com/title/tt2396566/,movie,7.4,91,2013,"Documentary, Music",10659,2013-01-17,Morgan Neville,,
170,tt1800266,2014-08-19,2014-08-19,,Brooklyn Castle,https://www.imdb.com/title/tt1800266/,movie,7.3,101,2012,Documentary,842,2012-03-11,Katie Dellamaggiore,,
171,tt2421230,2014-08-22,2014-08-22,,Aikuisten poika,https://www.imdb.com/title/tt2421230/,movie,5.6,94,2014,"Comedy, Drama",128,2014-08-29,Juha Lehtola,1,2017-09-16
172,tt3074732,2014-08-23,2014-08-23,,Hross í oss,https://www.imdb.com/title/tt3074732/,movie,6.8,81,2013,"Comedy, Drama, Romance",2475,2013-08-28,Benedikt Erlingsson,,
173,tt2245223,2014-08-26,2014-08-26,,The Source Family,https://www.imdb.com/title/tt2245223/,movie,6.9,98,2012,"Documentary, Music",838,2012-03-07,"Jodi Wille, Maria Demopoulos",,
174,tt2290151,2014-08-30,2014-08-30,,Big Star: Nothing Can Hurt Me,https://www.imdb.com/title/tt2290151/,movie,7.1,113,2012,"Documentary, Music",1103,2012-03-15,"Olivia Mori, Drew DeNicola",,
175,tt3199456,2014-09-10,2014-09-10,,The Return to Homs,https://www.imdb.com/title/tt3199456/,movie,7.7,94,2013,"Documentary, Biography, History, News, War",902,2013-11-20,Talal Derki,,
176,tt2374902,2014-09-20,2014-09-20,,Málmhaus,https://www.imdb.com/title/tt2374902/,movie,7.1,97,2013,Drama,4638,2013-09-07,Ragnar Bragason,,
177,tt1815717,2014-09-21,2014-09-21,,Gerontophilia,https://www.imdb.com/title/tt1815717/,movie,6.1,82,2013,"Comedy, Romance",1918,2013-08-28,Bruce La Bruce,,
178,tt3123178,2014-09-22,2014-09-22,,De Umoralske,https://www.imdb.com/title/tt3123178/,movie,5.1,87,2013,Comedy,25,2013-09-09,Lars Daniel Krutzkoff Jacobsen,,
179,tt2798170,2014-09-24,2014-09-24,,Jeg er din,https://www.imdb.com/title/tt2798170/,movie,6.2,100,2013,Drama,562,2013-08-16,Iram Haq,,
180,tt2363178,2014-09-24,2014-09-24,,Hotell,https://www.imdb.com/title/tt2363178/,movie,6.4,97,2013,Drama,1912,2013-09-06,Lisa Langseth,,
181,tt0445336,2014-09-25,2014-09-25,,Du levande,https://www.imdb.com/title/tt0445336/,movie,7.5,95,2007,"Comedy, Drama, Music",12012,2007-05-24,Roy Andersson,,
182,tt3362914,2014-09-26,2014-09-26,,We Come as Friends,https://www.imdb.com/title/tt3362914/,movie,7.5,110,2014,Documentary,554,2014-01-18,Hubert Sauper,,
183,tt3660370,2014-09-27,2014-09-27,,Party Girl,https://www.imdb.com/title/tt3660370/,movie,6.4,96,2014,Drama,939,2014-05-15,"Claire Burger, Marie Amachoukeli-Barsacq, Samuel Theis",,
184,tt3576084,2014-09-27,2014-09-27,,Efes beyahasei enosh,https://www.imdb.com/title/tt3576084/,movie,7.4,97,2014,"Comedy, Drama",3343,2014-04-17,Talya Lavie,,
185,tt2717558,2014-09-28,2014-09-28,,On the Job,https://www.imdb.com/title/tt2717558/,movie,7.0,118,2013,"Action, Crime, Drama, Thriller",2155,2013-05-24,Erik Matti,,
186,tt2712884,2014-10-08,2014-10-08,,Ulvilan murhamysteeri,https://www.imdb.com/title/tt2712884/,movie,6.7,83,2014,Documentary,187,2014-06-13,Pekka Lehto,,
187,tt2712878,2014-10-09,2014-10-09,,Monsterimies,https://www.imdb.com/title/tt2712878/,movie,6.4,85,2014,"Documentary, Biography, Drama, Horror, Music",201,2014-09-24,Antti Haase,,
188,tt2402091,2014-11-09,2014-11-09,,Återträffen,https://www.imdb.com/title/tt2402091/,movie,6.9,90,2013,Drama,4121,2013-09-03,Anna Odell,,
189,tt3552326,2014-11-14,2014-11-14,,Brooklynin pojat,https://www.imdb.com/title/tt3552326/,movie,6.7,69,2014,"Documentary, Drama, Family",14,2014-09-05,Inderjit Kaur Khalsa,,
190,tt2048877,2014-11-15,2014-11-15,,The Ambassador,https://www.imdb.com/title/tt2048877/,movie,7.3,93,2011,Documentary,3416,2011-10-05,Mads Brügger,,
191,tt1179947,2014-11-16,2014-11-16,,American: The Bill Hicks Story,https://www.imdb.com/title/tt1179947/,movie,7.8,102,2009,"Documentary, Animation, Biography, Comedy",4450,2009-10-23,"Matt Harlock, Paul Thomas",,
192,tt0887912,2014-11-16,2014-11-16,,The Hurt Locker,https://www.imdb.com/title/tt0887912/,movie,7.6,131,2008,"Drama, History, Thriller, War",368676,2008-09-04,Kathryn Bigelow,,
193,tt0062165,2014-11-21,2014-11-21,,Pähkähullu Suomi,https://www.imdb.com/title/tt0062165/,movie,6.6,84,1967,Comedy,354,1967-08-25,Jukka Virtanen,,
194,tt2942522,2014-11-22,2014-11-22,,Moebiuseu,https://www.imdb.com/title/tt2942522/,movie,6.5,89,2013,"Drama, Horror",3878,2013-09-03,Ki-duk Kim,,
195,tt1790885,2014-11-25,2014-11-25,,Zero Dark Thirty,https://www.imdb.com/title/tt1790885/,movie,7.4,157,2012,"Drama, Thriller",236399,2012-12-19,Kathryn Bigelow,,
196,tt2737050,2014-11-26,2014-11-26,,"Deux jours, une nuit",https://www.imdb.com/title/tt2737050/,movie,7.4,95,2014,Drama,38425,2014-05-20,"Luc Dardenne, Jean-Pierre Dardenne",,
197,tt0069191,2014-11-27,2014-11-27,,Roma,https://www.imdb.com/title/tt0069191/,movie,7.4,120,1972,"Comedy, Drama",9612,1972-03-09,Federico Fellini,,
198,tt0070860,2014-11-28,2014-11-28,,Uuno Turhapuro,https://www.imdb.com/title/tt0070860/,movie,6.1,87,1973,Comedy,823,1973-08-24,Ere Kokkonen,,
199,tt0134854,2014-11-29,2014-11-29,,Noin 7 veljestä,https://www.imdb.com/title/tt0134854/,movie,6.6,93,1968,Comedy,466,1968-08-23,Jukka Virtanen,,
200,tt0073581,2014-12-05,2014-12-05,,Professori Uuno D.G. Turhapuro,https://www.imdb.com/title/tt0073581/,movie,5.9,86,1975,Comedy,571,1975-08-29,Ere Kokkonen,,
201,tt1951261,2014-12-20,2014-12-20,,The Hangover Part III,https://www.imdb.com/title/tt1951261/,movie,5.9,100,2013,"Comedy, Crime",251640,2013-05-20,Todd Phillips,,
202,tt1523483,2014-12-27,2014-12-27,,Kaboom,https://www.imdb.com/title/tt1523483/,movie,5.7,86,2010,"Comedy, Mystery, Romance, Sci-Fi, Thriller",11282,2010-05-15,Gregg Araki,,
203,tt1327820,2014-12-28,2014-12-28,,Broderskab,https://www.imdb.com/title/tt1327820/,movie,6.9,97,2009,"Drama, Romance",2817,2009-10-21,Nicolo Donato,,
204,tt2788710,2014-12-28,2014-12-28,,The Interview,https://www.imdb.com/title/tt2788710/,movie,6.6,112,2014,Comedy,272357,2014-12-11,"Evan Goldberg, Seth Rogen",,
205,tt0059037,2014-12-28,2014-12-28,,The Cincinnati Kid,https://www.imdb.com/title/tt0059037/,movie,7.3,102,1965,Drama,12884,1965-10-15,Norman Jewison,,
206,tt1116184,2015-01-01,2015-01-01,,Jackass 3D,https://www.imdb.com/title/tt1116184/,movie,7.0,95,2010,"Documentary, Action, Comedy",51012,2010-10-11,Jeff Tremaine,,
207,tt3506224,2015-01-01,2015-01-01,,Presidentintekijät,https://www.imdb.com/title/tt3506224/,movie,5.7,79,2014,Documentary,124,2014-03-06,Tuukka Temonen,,
208,tt1973692,2015-01-03,2015-01-03,,Rita,https://www.imdb.com/title/tt1973692/,tvSeries,8.1,40,2012,"Comedy, Drama",4273,2012-02-09,,,
209,tt2356777,2015-01-10,2015-01-10,,True Detective,https://www.imdb.com/title/tt2356777/,tvSeries,9.0,55,2014,"Crime, Drama, Mystery, Thriller",390930,2014-01-12,,,
210,tt3169706,2015-01-15,2015-01-15,,Pride,https://www.imdb.com/title/tt3169706/,movie,7.8,119,2014,"Biography, Comedy, Drama, History, Romance",42780,2014-05-23,Matthew Warchus,,
211,tt2582802,2015-01-24,2015-01-24,,Whiplash,https://www.imdb.com/title/tt2582802/,movie,8.5,107,2014,"Drama, Music",533937,2014-01-16,Damien Chazelle,,
212,tt3704008,2015-02-01,2015-02-01,,Of Men and War,https://www.imdb.com/title/tt3704008/,movie,6.8,142,2014,"Documentary, History, War",125,2014-05-21,Laurent Bécue-Renard,,
213,tt1809398,2015-02-15,2015-02-15,,Unbroken,https://www.imdb.com/title/tt1809398/,movie,7.2,137,2014,"Biography, Drama, Sport, War",121526,2014-11-17,Angelina Jolie,,
214,tt2121382,2015-02-16,2015-02-16,,Turist,https://www.imdb.com/title/tt2121382/,movie,7.3,120,2014,"Comedy, Drama",37305,2014-05-18,Ruben Östlund,,
215,tt2718492,2015-02-19,2015-02-19,,Ida,https://www.imdb.com/title/tt2718492/,movie,7.4,82,2013,Drama,41585,2013-08-30,Pawel Pawlikowski,,
216,tt2084970,2015-02-21,2015-02-21,,The Imitation Game,https://www.imdb.com/title/tt2084970/,movie,8.0,114,2014,"Biography, Drama, History, Thriller, War",567465,2014-08-29,Morten Tyldum,,
217,tt2179136,2015-02-22,2015-02-22,,American Sniper,https://www.imdb.com/title/tt2179136/,movie,7.3,133,2014,"Action, Biography, Drama, History, Thriller, War",373840,2014-11-11,Clint Eastwood,,
218,tt4044364,2015-02-22,2015-02-22,,Citizenfour,https://www.imdb.com/title/tt4044364/,movie,8.1,114,2014,"Documentary, Biography",45072,2014-10-10,Laura Poitras,,
219,tt2267998,2015-02-22,2015-02-22,,Gone Girl,https://www.imdb.com/title/tt2267998/,movie,8.1,149,2014,"Crime, Drama, Mystery, Thriller",688103,2014-09-26,David Fincher,,
220,tt1164999,2015-03-01,2015-03-01,,Biutiful,https://www.imdb.com/title/tt1164999/,movie,7.5,148,2010,"Drama, Romance",76169,2010-05-17,Alejandro G. Iñárritu,,
221,tt3416742,2015-03-01,2015-03-01,,What We Do in the Shadows,https://www.imdb.com/title/tt3416742/,movie,7.6,86,2014,"Comedy, Horror",101935,2014-01-19,"Taika Waititi, Jemaine Clement",,
222,tt1100089,2015-03-05,2015-03-05,,Foxcatcher,https://www.imdb.com/title/tt1100089/,movie,7.0,134,2014,"Biography, Drama, Sport",119763,2014-05-19,Bennett Miller,,
223,tt2088003,2015-03-23,2015-03-23,,Big Game,https://www.imdb.com/title/tt2088003/,movie,5.4,90,2014,"Action, Adventure",25876,2014-09-05,Jalmari Helander,,
224,tt2326554,2015-03-28,2015-03-28,,A Girl Walks Home Alone at Night,https://www.imdb.com/title/tt2326554/,movie,7.0,101,2014,"Drama, Horror",23816,2014-01-19,Ana Lily Amirpour,,
225,tt1821549,2015-03-30,2015-03-30,,Nebraska,https://www.imdb.com/title/tt1821549/,movie,7.7,115,2013,"Adventure, Comedy, Drama",100157,2013-05-23,Alexander Payne,,
226,tt1823672,2015-04-07,2015-04-07,,Chappie,https://www.imdb.com/title/tt1823672/,movie,6.8,120,2015,"Action, Crime, Drama, Sci-Fi, Thriller",200762,2015-03-04,Neill Blomkamp,,
227,tt3428308,2015-04-08,2015-04-08,,Tolonen,https://www.imdb.com/title/tt3428308/,movie,6.3,75,2014,"Documentary, Biography, Music",60,2014-05-02,Lasse Keso,,
228,tt2802154,2015-04-18,2015-04-18,,Leviafan,https://www.imdb.com/title/tt2802154/,movie,7.6,140,2014,"Crime, Drama",39009,2014-05-23,Andrey Zvyagintsev,,
229,tt2315200,2015-04-23,2015-04-23,,"Les garçons et Guillaume, à table!",https://www.imdb.com/title/tt2315200/,movie,6.7,85,2013,Comedy,6424,2013-05-20,Guillaume Gallienne,,
230,tt2980516,2015-05-01,2015-05-01,,The Theory of Everything,https://www.imdb.com/title/tt2980516/,movie,7.7,123,2014,"Biography, Drama, Romance",322678,2014-09-07,James Marsh,,
231,tt1772925,2015-05-01,2015-05-01,,Jiro Dreams of Sushi,https://www.imdb.com/title/tt1772925/,movie,7.9,81,2011,Documentary,28579,2011-06-15,David Gelb,,
232,tt3707488,2015-05-09,2015-05-09,,Kihniö,https://www.imdb.com/title/tt3707488/,movie,7.4,52,2015,Documentary,17,2015-01-29,Saija Mäki-Nevala,,
233,tt3034418,2015-08-29,2015-08-29,,Love Island,https://www.imdb.com/title/tt3034418/,movie,5.8,86,2014,"Comedy, Romance",286,2014-08-08,Jasmila Zbanic,,
234,tt2096673,2015-08-29,2015-08-29,,Inside Out,https://www.imdb.com/title/tt2096673/,movie,8.2,95,2015,"Animation, Adventure, Comedy, Drama, Family, Fantasy",466093,2015-05-18,"Pete Docter, Ronnie Del Carmen",,
235,tt0274812,2015-08-29,2015-08-29,,Secretary,https://www.imdb.com/title/tt0274812/,movie,7.0,107,2002,"Comedy, Drama, Romance",73486,2002-01-11,Steven Shainberg,,
236,tt1323594,2015-08-29,2015-08-29,,Despicable Me,https://www.imdb.com/title/tt1323594/,movie,7.7,95,2010,"Animation, Adventure, Comedy, Family",432491,2010-06-20,"Chris Renaud, Pierre Coffin",,
237,tt1690953,2015-08-29,2015-08-29,,Despicable Me 2,https://www.imdb.com/title/tt1690953/,movie,7.4,98,2013,"Animation, Adventure, Comedy, Family, Sci-Fi",321702,2013-06-16,"Chris Renaud, Pierre Coffin",,
238,tt3824386,2015-09-01,2015-09-01,,Lava,https://www.imdb.com/title/tt3824386/,short,7.2,7,2014,"Animation, Short, Family, Musical, Romance",11498,2014-10-10,James Ford Murphy,,
239,tt1702429,2015-09-01,2015-09-01,,Eisenstein in Guanajuato,https://www.imdb.com/title/tt1702429/,movie,6.3,105,2015,"Biography, Comedy, Drama, Romance",2038,2015-02-11,Peter Greenaway,,
240,tt3833746,2015-09-02,2015-09-02,,The Visit,https://www.imdb.com/title/tt3833746/,movie,5.9,83,2015,Documentary,612,2015-01-25,Michael Madsen,,
241,tt2293640,2015-09-06,2015-09-06,,Minions,https://www.imdb.com/title/tt2293640/,movie,6.4,91,2015,"Animation, Action, Adventure, Comedy, Family",175766,2015-06-11,"Pierre Coffin, Kyle Balda",,
242,tt3121332,2015-09-18,2015-09-18,,Nasty Baby,https://www.imdb.com/title/tt3121332/,movie,5.6,101,2015,Drama,1952,2015-01-24,Sebastián Silva,,
243,tt2570858,2015-09-19,2015-09-19,,The Duke of Burgundy,https://www.imdb.com/title/tt2570858/,movie,6.6,104,2014,"Drama, Mystery, Romance",9352,2014-09-06,Peter Strickland,10,2017-09-16
244,tt0903657,2015-09-19,2015-09-19,,Love & Mercy,https://www.imdb.com/title/tt0903657/,movie,7.4,121,2014,"Biography, Drama, Music",29729,2014-09-07,Bill Pohlad,,
245,tt3589290,2015-09-19,2015-09-19,,La cérémonie,https://www.imdb.com/title/tt3589290/,movie,5.9,78,2014,Documentary,131,2014-11-08,Lina Mannheimer,,
246,tt3538328,2015-09-19,2015-09-19,,We Are Twisted Fucking Sister!,https://www.imdb.com/title/tt3538328/,movie,7.1,135,2014,"Documentary, Biography, Comedy, History, Music",1175,2014-05-09,Andrew Horn,,
247,tt4188192,2015-09-19,2015-09-19,,The Ecstasy of Wilko Johnson,https://www.imdb.com/title/tt4188192/,movie,7.6,92,2015,Documentary,212,2015-03-17,Julien Temple,,
248,tt4270516,2015-09-20,2015-09-20,,Grandma,https://www.imdb.com/title/tt4270516/,movie,6.7,79,2015,"Comedy, Drama",12558,2015-01-30,Paul Weitz,,
249,tt4226388,2015-09-20,2015-09-20,,Victoria,https://www.imdb.com/title/tt4226388/,movie,7.7,138,2015,"Crime, Drama, Romance, Thriller",39207,2015-02-07,Sebastian Schipper,,
250,tt3172532,2015-09-20,2015-09-20,,The Diary of a Teenage Girl,https://www.imdb.com/title/tt3172532/,movie,6.9,102,2015,"Drama, Romance",24474,2015-01-24,Marielle Heller,,
251,tt4168502,2015-09-21,2015-09-21,,Un Français,https://www.imdb.com/title/tt4168502/,movie,6.2,98,2015,Drama,856,2015-06-10,Diastème,,
252,tt4685750,2015-09-21,2015-09-21,,Much Loved,https://www.imdb.com/title/tt4685750/,movie,6.2,104,2015,Drama,1404,2015-05-19,Nabil Ayouch,,
253,tt3416744,2015-09-22,2015-09-22,,The End of the Tour,https://www.imdb.com/title/tt3416744/,movie,7.3,106,2015,"Biography, Drama",23132,2015-01-23,James Ponsoldt,,
254,tt3749338,2015-09-22,2015-09-22,,Flocken,https://www.imdb.com/title/tt3749338/,movie,6.4,110,2015,"Drama, Thriller",501,2015-02-08,Beata Gårdeler,,
255,tt3168230,2015-09-23,2015-09-23,,Mr. Holmes,https://www.imdb.com/title/tt3168230/,movie,6.9,104,2015,"Drama, Mystery",53787,2015-02-08,Bill Condon,,
256,tt2125501,2015-09-23,2015-09-23,,"Electric Boogaloo: The Wild, Untold Story of Cannon Films",https://www.imdb.com/title/tt2125501/,movie,7.4,106,2014,Documentary,4190,2014-08-02,Mark Hartley,,
257,tt4861730,2015-09-24,2015-09-24,,The Reflektor Tapes,https://www.imdb.com/title/tt4861730/,movie,6.0,75,2015,"Documentary, Music",320,2015-09-12,Kahlil Joseph,1,2015-09-24
258,tt3791302,2015-09-25,2015-09-25,,La tête haute,https://www.imdb.com/title/tt3791302/,movie,7.0,120,2015,Drama,2508,2015-05-13,Emmanuelle Bercot,,
259,tt4362764,2015-09-26,2015-09-26,,Crumbs,https://www.imdb.com/title/tt4362764/,movie,6.0,68,2015,"Adventure, Fantasy, Mystery, Sci-Fi",362,2015-01-27,Miguel Llansó,,
260,tt2268622,2015-09-26,2015-09-26,,808,https://www.imdb.com/title/tt2268622/,movie,7.1,107,2015,"Documentary, Music",261,2015-03-20,Alexander Dunn,,
261,tt2172554,2015-09-27,2015-09-27,,Vonarstræti,https://www.imdb.com/title/tt2172554/,movie,7.4,129,2014,Drama,1342,2014-05-16,Baldvin Zophoníasson,,
262,tt2948840,2015-09-27,2015-09-27,,Life,https://www.imdb.com/title/tt2948840/,movie,6.1,111,2015,"Biography, Drama",5995,2015-02-09,Anton Corbijn,,
263,tt4257858,2015-10-07,2015-10-07,,Going Clear: Scientology & the Prison of Belief,https://www.imdb.com/title/tt4257858/,movie,8.0,119,2015,Documentary,31163,2015-01-25,Alex Gibney,,
264,tt3397884,2015-10-11,2015-10-11,,Sicario,https://www.imdb.com/title/tt3397884/,movie,7.6,121,2015,"Action, Crime, Drama, Mystery, Thriller",277193,2015-05-19,Denis Villeneuve,,
265,tt4126304,2015-10-14,2015-10-14,,Cartel Land,https://www.imdb.com/title/tt4126304/,movie,7.4,100,2015,Documentary,15309,2015-01-23,Matthew Heineman,,
266,tt3904186,2015-10-16,2015-10-16,,Tales of the Grim Sleeper,https://www.imdb.com/title/tt3904186/,movie,7.1,110,2014,"Documentary, Crime",2061,2014-08-29,"Barney Broomfield, Marc Hoeferlin, Nick Broomfield",,
267,tt1398426,2015-10-17,2015-10-17,,Straight Outta Compton,https://www.imdb.com/title/tt1398426/,movie,7.9,147,2015,"Biography, Drama, History, Music",153010,2015-08-11,F. Gary Gray,,
268,tt2379713,2015-11-03,2015-11-03,,Spectre,https://www.imdb.com/title/tt2379713/,movie,6.8,148,2015,"Action, Adventure, Thriller",328756,2015-10-26,Sam Mendes,,
269,tt3948882,2015-11-05,2015-11-05,,Portal to Hell!!!,https://www.imdb.com/title/tt3948882/,short,7.0,12,2015,"Short, Adventure, Comedy, Horror",175,2015-09-11,Vivieno Caldinelli,,
270,tt3732950,2015-11-05,2015-11-05,,Body,https://www.imdb.com/title/tt3732950/,movie,5.3,75,2015,"Crime, Drama, Thriller",1322,2015-01-25,"Robert Olsen, Dan Berk",,
271,tt2402101,2015-11-06,2015-11-06,,Dark Places,https://www.imdb.com/title/tt2402101/,movie,6.2,113,2015,"Action, Drama, Mystery, Thriller",34559,2015-03-31,Gilles Paquet-Brenner,,
272,tt4610244,2015-11-06,2015-11-06,,The Other Side,https://www.imdb.com/title/tt4610244/,movie,6.8,92,2015,"Documentary, Drama",710,2015-05-21,Roberto Minervini,,
273,tt0307431,2015-11-06,2015-11-06,,The Secret Glory,https://www.imdb.com/title/tt0307431/,movie,6.5,90,2001,"Documentary, Mystery, Drama, Thriller, War",171,2001-09-04,Richard Stanley,,
274,tt4441280,2015-11-06,2015-11-06,,El cadáver de Anna Fritz,https://www.imdb.com/title/tt4441280/,movie,5.9,76,2015,"Drama, Thriller",3130,2015-03-15,Hèctor Hernández Vicens,,
275,tt1029234,2015-11-06,2015-11-06,,Martyrs,https://www.imdb.com/title/tt1029234/,movie,7.1,99,2008,Horror,67927,2008-05-01,Pascal Laugier,,
276,tt3512486,2015-11-09,2015-11-09,,The Damned: Don't You Wish That We Were Dead,https://www.imdb.com/title/tt3512486/,movie,7.3,110,2015,"Documentary, Music",161,2015-03-18,Wes Orshoski,,
277,tt3705412,2015-11-09,2015-11-09,,Deathgasm,https://www.imdb.com/title/tt3705412/,movie,6.3,86,2015,"Action, Comedy, Horror, Music",12502,2015-03-14,Jason Lei Howden,,
278,tt3774694,2015-11-15,2015-11-15,,Love,https://www.imdb.com/title/tt3774694/,movie,6.0,135,2015,"Drama, Romance",28334,2015-05-20,Gaspar Noé,,
279,tt4428788,2016-01-03,2016-01-03,,Marguerite,https://www.imdb.com/title/tt4428788/,movie,7.0,129,2015,"Comedy, Drama, Music",3837,2015-09-04,Xavier Giannoli,,
280,tt0110912,2016-01-03,2016-01-03,,Pulp Fiction,https://www.imdb.com/title/tt0110912/,movie,8.9,154,1994,"Crime, Drama",1501247,1994-05-21,Quentin Tarantino,,
281,tt2204371,2016-01-18,2016-01-18,,Somm,https://www.imdb.com/title/tt2204371/,movie,7.0,94,2012,Documentary,3558,2012-11-07,Jason Wise,,
282,tt2430104,2016-01-18,2016-01-18,,After Tiller,https://www.imdb.com/title/tt2430104/,movie,7.5,85,2013,"Documentary, Biography, Drama, News",924,2013-01-18,"Lana Wilson, Martha Shane",,
283,tt2174896,2016-01-18,2016-01-18,,To Be Takei,https://www.imdb.com/title/tt2174896/,movie,6.9,94,2014,"Documentary, Biography",1365,2014-01-18,Jennifer M. Kroot,,
284,tt0399146,2016-01-22,2016-01-22,,A History of Violence,https://www.imdb.com/title/tt0399146/,movie,7.5,96,2005,"Crime, Drama, Thriller",201985,2005-05-16,David Cronenberg,,
285,tt0070061,2016-01-22,2016-01-22,,"Film d'amore e d'anarchia, ovvero 'stamattina alle 10 in via dei Fiori nella nota casa di tolleranza...'",https://www.imdb.com/title/tt0070061/,movie,7.9,124,1973,"Comedy, Drama, Romance",1782,1973-02-22,Lina Wertmüller,,
286,tt0029526,2016-01-24,2016-01-24,,Scipione l'africano,https://www.imdb.com/title/tt0029526/,movie,5.4,117,1937,"Drama, History, War",197,1937-08-04,Carmine Gallone,,
287,tt4074304,2016-01-25,2016-01-25,,Pervert Park,https://www.imdb.com/title/tt4074304/,movie,7.0,77,2014,"Documentary, Crime",1014,2014-11-06,"Frida Barkfors, Lasse Barkfors",,
288,tt4455634,2016-01-28,2016-01-28,,Reach for the SKY,https://www.imdb.com/title/tt4455634/,movie,7.8,90,2015,Documentary,64,2015-10-01,"Steven Dhoedt, Wooyoung Choi",,
289,tt5121762,2016-01-29,2016-01-29,,Jag är Dublin,https://www.imdb.com/title/tt5121762/,movie,5.5,80,2015,Documentary,13,2015-01-24,"Ahmed Abdullahi, Anna Persson, David Aronowitsch, Sharmarke Binyusuf",,
290,tt5238322,2016-01-29,2016-01-29,,Like the Others,https://www.imdb.com/title/tt5238322/,movie,6.0,95,2015,Documentary,5,2015-03-01,Constantin Wulff,,
291,tt3509878,2016-01-29,2016-01-29,,Sergio Herman: Fucking Perfect,https://www.imdb.com/title/tt3509878/,movie,7.1,,2015,Documentary,374,2015-02-01,Willemiek Kluijfhout,,
292,tt3569732,2016-01-29,2016-01-29,,Spandex sapiens,https://www.imdb.com/title/tt3569732/,movie,6.5,87,2015,"Documentary, Action, Drama, Romance",112,2015-11-05,Oskari Pastila,,
293,tt3505682,2016-01-30,2016-01-30,,Bolshoi Babylon,https://www.imdb.com/title/tt3505682/,movie,6.2,86,2015,Documentary,357,2015-09-14,"Nick Read, Mark Franchetti",,
294,tt4477456,2016-01-30,2016-01-30,,K2. Dotknac nieba,https://www.imdb.com/title/tt4477456/,movie,5.7,72,2015,"Documentary, Family, Sport",41,2015-06-14,Eliza Kubarska,,
295,tt2415458,2016-01-30,2016-01-30,,The Wolfpack,https://www.imdb.com/title/tt2415458/,movie,7.0,90,2015,"Documentary, Biography",10045,2015-01-25,Crystal Moselle,,
296,tt4714240,2016-01-31,2016-01-31,,Fang den Haider,https://www.imdb.com/title/tt4714240/,movie,5.7,91,2015,Documentary,26,2015-05-08,Nathalie Borgers,,
297,tt4536540,2016-01-31,2016-01-31,,Fassbinder,https://www.imdb.com/title/tt4536540/,movie,6.8,95,2015,Documentary,120,2015-04-30,Annekatrin Hendel,,
298,tt0810819,2016-02-28,2016-02-28,,The Danish Girl,https://www.imdb.com/title/tt0810819/,movie,7.1,119,2015,"Biography, Drama, History, Romance",126491,2015-09-05,Tom Hooper,,
299,tt4844522,2016-03-05,2016-03-05,,Haiyû Kameoka Takuji,https://www.imdb.com/title/tt4844522/,movie,6.7,123,2015,Comedy,86,2015-10-25,Satoko Yokohama,,
300,tt1453405,2016-03-07,2016-03-07,,Monsters University,https://www.imdb.com/title/tt1453405/,movie,7.3,104,2013,"Animation, Adventure, Comedy, Family, Fantasy",267476,2013-06-05,Dan Scanlon,,
301,tt5210376,2016-03-28,2016-03-28,,Takaisin pintaan,https://www.imdb.com/title/tt5210376/,movie,7.1,90,2016,Documentary,778,2016-01-27,Juan Reina,,
302,tt3966404,2016-03-31,2016-03-31,,Mustang,https://www.imdb.com/title/tt3966404/,movie,7.6,97,2015,Drama,26888,2015-05-19,Deniz Gamze Ergüven,,
303,tt4897822,2016-04-01,2016-04-01,,Where to Invade Next,https://www.imdb.com/title/tt4897822/,movie,7.6,120,2015,"Documentary, Comedy",18838,2015-09-10,Michael Moore,,
304,tt2891174,2016-04-01,2016-04-01,,99 Homes,https://www.imdb.com/title/tt2891174/,movie,7.1,112,2014,Drama,23880,2014-08-29,Ramin Bahrani,,
305,tt2872462,2016-04-02,2016-04-02,,Mistress America,https://www.imdb.com/title/tt2872462/,movie,6.7,84,2015,"Comedy, Drama",20565,2015-01-24,Noah Baumbach,,
306,tt3824458,2016-04-02,2016-04-02,,Tangerine,https://www.imdb.com/title/tt3824458/,movie,7.1,88,2015,"Comedy, Crime, Drama",18908,2015-01-23,Sean Baker,,
307,tt3077214,2016-04-02,2016-04-02,,Suffragette,https://www.imdb.com/title/tt3077214/,movie,6.9,106,2015,"Biography, Drama, History",30242,2015-09-04,Sarah Gavron,,
308,tt3203606,2016-04-03,2016-04-03,,Trumbo,https://www.imdb.com/title/tt3203606/,movie,7.5,124,2015,"Biography, Drama",63460,2015-09-12,Jay Roach,,
309,tt2910904,2016-04-03,2016-04-03,,The Dressmaker,https://www.imdb.com/title/tt2910904/,movie,7.1,119,2015,"Comedy, Drama",39893,2015-09-14,Jocelyn Moorhouse,,
310,tt3573598,2016-04-03,2016-04-03,,London Road,https://www.imdb.com/title/tt3573598/,movie,5.3,91,2015,"Musical, Mystery, Thriller",1526,2015-06-12,Rufus Norris,,
311,tt3072482,2016-04-09,2016-04-09,,Hardcore Henry,https://www.imdb.com/title/tt3072482/,movie,6.7,96,2015,"Action, Adventure, Sci-Fi, Thriller",68336,2015-09-12,Ilya Naishuller,,
312,tt4497686,2016-04-13,2016-04-13,,Atroz (Atrocious),https://www.imdb.com/title/tt4497686/,movie,5.7,79,2015,Horror,180,2015-10-31,Lex Ortega,,
313,tt4501706,2016-04-14,2016-04-14,,Aaaaaaaah!,https://www.imdb.com/title/tt4501706/,movie,4.5,79,2015,"Comedy, Thriller",690,2015-08-28,Steve Oram,,
314,tt0368226,2016-04-15,2016-04-15,,The Room,https://www.imdb.com/title/tt0368226/,movie,3.6,99,2003,Drama,57958,2003-06-27,Tommy Wiseau,1,2016-04-15
315,tt0078935,2016-04-16,2016-04-16,,Cannibal Holocaust,https://www.imdb.com/title/tt0078935/,movie,6.0,95,1980,"Adventure, Horror",43278,1980-02-07,Ruggero Deodato,,
316,tt3721256,2016-04-16,2016-04-16,,Hevn,https://www.imdb.com/title/tt3721256/,movie,5.8,100,2015,"Drama, Thriller",304,2015-11-06,Kjersti Steinsbø,,
317,tt4126394,2016-04-16,2016-04-16,,Darling,https://www.imdb.com/title/tt4126394/,movie,5.6,78,2015,"Horror, Thriller",2108,2015-09-26,Mickey Keating,,
318,tt3901962,2016-04-16,2016-04-16,,Sendero,https://www.imdb.com/title/tt3901962/,movie,3.6,85,2015,"Action, Drama, Horror, Thriller",397,2015-10-12,Lucio A. Rojas,,
319,tt3865850,2016-04-16,2016-04-16,,The Evil That Men Do,https://www.imdb.com/title/tt3865850/,movie,4.7,94,2015,Thriller,183,2015-09-03,Ramon Térmens,,
320,tt4086032,2016-04-16,2016-04-16,,Frankenstein,https://www.imdb.com/title/tt4086032/,movie,5.1,89,2015,"Horror, Thriller",1778,2015-04-12,Bernard Rose,,
321,tt4359452,2016-04-16,2016-04-16,,Nasty,https://www.imdb.com/title/tt4359452/,short,6.7,15,2015,"Short, Drama, Fantasy, Horror, Sci-Fi",26,2015-10-13,Prano Bailey-Bond,,
322,tt3190098,2016-04-18,2016-04-18,,Life After Manson,https://www.imdb.com/title/tt3190098/,short,6.5,25,2014,"Documentary, Short, Crime, Drama, News",62,2014-05-23,Olivia Klaus,,
323,tt2402927,2016-05-12,2016-05-12,,Carol,https://www.imdb.com/title/tt2402927/,movie,7.2,118,2015,"Drama, Romance",87615,2015-05-17,Todd Haynes,,
324,tt1431045,2016-05-14,2016-05-14,,Deadpool,https://www.imdb.com/title/tt1431045/,movie,8.0,108,2016,"Action, Adventure, Comedy, Romance, Sci-Fi",703910,2016-01-21,Tim Miller,2,2016-09-17
325,tt1492030,2016-05-27,2016-05-27,,Mildred Pierce,https://www.imdb.com/title/tt1492030/,tvMiniSeries,7.7,336,2011,Drama,15925,2011-03-21,,,
326,tt0069050,2016-06-04,2016-06-04,,The Other,https://www.imdb.com/title/tt0069050/,movie,7.0,108,1972,"Drama, Horror, Mystery, Thriller",4655,1972-05-23,Robert Mulligan,,
327,tt0076792,2016-06-05,2016-06-05,,Tabu,https://www.imdb.com/title/tt0076792/,movie,5.2,,1977,Drama,94,1977-01-28,Vilgot Sjöman,,
328,tt0094612,2016-06-05,2016-06-05,,Action Jackson,https://www.imdb.com/title/tt0094612/,movie,5.2,96,1988,"Action, Comedy, Crime, Thriller",8228,1988-02-12,Craig R. Baxley,,
329,tt0166228,2016-06-05,2016-06-05,,Jeesuksen pojat,https://www.imdb.com/title/tt0166228/,short,5.6,26,1983,"Short, Drama",8,1983-05-27,Juha Rosma,,
330,tt0117148,2016-06-05,2016-06-05,,Naisen logiikka,https://www.imdb.com/title/tt0117148/,movie,4.9,70,1999,Comedy,29,1999-05-21,Spede Pasanen,,
331,tt0074569,2016-06-20,2016-06-20,,L'ultima orgia del III Reich,https://www.imdb.com/title/tt0074569/,movie,4.4,92,1977,"Horror, War",1000,1977-01-31,Cesare Canevari,,
332,tt1658801,2016-07-03,2016-07-03,,Freeheld,https://www.imdb.com/title/tt1658801/,movie,6.5,103,2015,"Biography, Drama, Romance",9402,2015-09-13,Peter Sollett,2,2016-09-17
333,tt1974419,2016-07-08,2016-07-08,,The Neon Demon,https://www.imdb.com/title/tt1974419/,movie,6.2,118,2016,"Horror, Thriller",61862,2016-05-20,Nicolas Winding Refn,10,2016-09-17
334,tt0096160,2016-07-10,2016-07-10,,Splendor,https://www.imdb.com/title/tt0096160/,movie,7.1,110,1989,Drama,626,1989-02-17,Ettore Scola,,
335,tt0038791,2016-07-14,2016-07-14,,Nuoruus sumussa,https://www.imdb.com/title/tt0038791/,movie,4.5,113,1946,Drama,23,1946-04-12,T.J. Särkkä,,
336,tt0324133,2016-07-17,2016-07-17,,Swimming Pool,https://www.imdb.com/title/tt0324133/,movie,6.8,102,2003,"Crime, Drama, Mystery, Thriller",37630,2003-05-18,François Ozon,9,2016-09-17
337,tt0087332,2016-07-21,2016-07-21,,Ghost Busters,https://www.imdb.com/title/tt0087332/,movie,7.8,105,1984,"Action, Comedy, Fantasy",302951,1984-06-07,Ivan Reitman,,
338,tt0097428,2016-07-21,2016-07-21,,Ghostbusters II,https://www.imdb.com/title/tt0097428/,movie,6.5,108,1989,"Action, Comedy, Fantasy, Sci-Fi",156478,1989-06-15,Ivan Reitman,,
339,tt4400038,2016-07-31,2016-07-31,,Chocolat,https://www.imdb.com/title/tt4400038/,movie,7.1,119,2016,"Biography, Drama",4765,2016-01-05,Roschdy Zem,,
340,tt0070948,2016-08-02,2016-08-02,,Zardoz,https://www.imdb.com/title/tt0070948/,movie,5.8,105,1974,"Fantasy, Sci-Fi",16557,1974-02-06,John Boorman,,
341,tt0076085,2016-08-07,2016-08-07,,Una giornata particolare,https://www.imdb.com/title/tt0076085/,movie,8.1,106,1977,Drama,8844,1977-05-19,Ettore Scola,,
342,tt0064118,2016-08-09,2016-08-09,,La caduta degli dei (Götterdämmerung),https://www.imdb.com/title/tt0064118/,movie,7.6,156,1969,"Drama, War",6216,1969-10-02,Luchino Visconti,,
343,tt2764784,2016-08-11,2016-08-11,,Phoenix,https://www.imdb.com/title/tt2764784/,movie,7.3,98,2014,"Drama, History, Music, Romance",13133,2014-09-05,Christian Petzold,8,2016-09-17
344,tt0046438,2016-08-11,2016-08-11,,Tôkyô monogatari,https://www.imdb.com/title/tt0046438/,movie,8.2,136,1953,Drama,35194,1953-11-03,Yasujirô Ozu,9,2016-09-17
345,tt2404461,2016-08-13,2016-08-13,,Le passé,https://www.imdb.com/title/tt2404461/,movie,7.8,130,2013,"Drama, Mystery",38168,2013-05-17,Asghar Farhadi,9,2016-09-17
346,tt1289401,2016-08-17,2016-08-17,,Ghostbusters,https://www.imdb.com/title/tt1289401/,movie,5.3,116,2016,"Action, Comedy, Fantasy, Sci-Fi",164607,2016-07-09,Paul Feig,7,2016-09-17
347,tt5022872,2016-08-19,2016-08-19,,Barash,https://www.imdb.com/title/tt5022872/,movie,6.0,81,2015,"Comedy, Drama, Romance",503,2015-09-20,Michal Vinik,7,2016-09-17
348,tt3553976,2016-08-20,2016-08-20,,Captain Fantastic,https://www.imdb.com/title/tt3553976/,movie,7.9,118,2016,"Comedy, Drama",134101,2016-01-23,Matt Ross,10,2016-09-17
349,tt4150494,2016-08-21,2016-08-21,,Efterskalv,https://www.imdb.com/title/tt4150494/,movie,6.5,102,2015,Drama,1038,2015-05-21,Magnus von Horn,8,2016-09-17
350,tt4699444,2016-08-22,2016-08-22,,Voir du pays,https://www.imdb.com/title/tt4699444/,movie,6.3,102,2016,Drama,516,2016-05-17,"Muriel Coulin, Delphine Coulin",7,2016-09-17
351,tt5006094,2016-08-23,2016-08-23,,The Duel of Wine,https://www.imdb.com/title/tt5006094/,movie,4.9,95,2015,Comedy,15,2015-08-01,Nicolás Carreras,1,2016-08-23
352,tt3867816,2016-08-25,2016-08-25,,Pikadero,https://www.imdb.com/title/tt3867816/,movie,6.9,98,2015,"Comedy, Drama",123,2015-09-18,Ben Sharrock,1,2016-08-25
353,tt5851030,2016-08-27,2016-08-27,,Die Geschwister,https://www.imdb.com/title/tt5851030/,movie,5.6,89,2016,Drama,102,2016-04-23,Jan Krüger,6,2016-09-17
354,tt3715122,2016-08-27,2016-08-27,,L'attesa,https://www.imdb.com/title/tt3715122/,movie,6.5,100,2015,Drama,1519,2015-09-05,Piero Messina,6,2016-09-17
355,tt3792884,2016-08-27,2016-08-27,,Alena,https://www.imdb.com/title/tt3792884/,movie,5.7,83,2015,"Drama, Horror, Thriller",477,2015-10-09,Daniel di Grado,8,2016-09-17
356,tt5278832,2016-08-28,2016-08-28,,Córki dancingu,https://www.imdb.com/title/tt5278832/,movie,6.4,92,2015,"Comedy, Drama, Horror, Musical",3393,2015-12-25,Agnieszka Smoczynska,7,2016-09-17
357,tt2005151,2016-09-04,2016-09-04,,War Dogs,https://www.imdb.com/title/tt2005151/,movie,7.1,114,2016,"Comedy, Crime, Drama, War",133262,2016-08-03,Todd Phillips,5,2016-09-17
358,tt0091530,2016-09-07,2016-09-07,,The Mission,https://www.imdb.com/title/tt0091530/,movie,7.5,125,1986,"Adventure, Drama, History",48683,1986-05-16,Roland Joffé,,
359,tt2210769,2016-09-09,2016-09-09,,"Liza, a rókatündér",https://www.imdb.com/title/tt2210769/,movie,7.7,98,2015,"Comedy, Fantasy, Romance",6676,2015-02-19,Károly Ujj Mészáros,9,2016-09-17
360,tt0085407,2016-09-13,2016-09-13,,The Dead Zone,https://www.imdb.com/title/tt0085407/,movie,7.2,103,1983,"Horror, Sci-Fi, Thriller",50483,1983-10-21,David Cronenberg,,
361,tt2937696,2016-09-16,2016-09-16,,Everybody Wants Some!!,https://www.imdb.com/title/tt2937696/,movie,7.0,117,2016,Comedy,42810,2016-03-11,Richard Linklater,8,2016-09-17
362,tt4331970,2016-09-16,2016-09-16,,Quand on a 17 ans,https://www.imdb.com/title/tt4331970/,movie,7.2,116,2016,"Drama, Romance",3527,2016-02-14,André Téchiné,9,2016-09-17
363,tt4585660,2016-09-17,2016-09-17,,Klovn Forever,https://www.imdb.com/title/tt4585660/,movie,6.3,99,2015,"Comedy, Drama",2910,2015-09-06,Mikkel Nørgaard,7,2016-09-17
364,tt4273292,2016-09-17,2016-09-17,,Under the Shadow,https://www.imdb.com/title/tt4273292/,movie,6.9,84,2016,"Drama, Horror, Thriller, War",14765,2016-01-22,Babak Anvari,8,2016-09-17
365,tt3955894,2016-09-18,2016-09-18,,Girl Asleep,https://www.imdb.com/title/tt3955894/,movie,6.2,77,2015,"Comedy, Family, Fantasy",1888,2015-10-20,Rosemary Myers,9,2016-09-18
366,tt4144190,2016-09-18,2016-09-18,,Wiener-Dog,https://www.imdb.com/title/tt4144190/,movie,5.9,88,2016,"Comedy, Drama",7391,2016-01-22,Todd Solondz,7,2016-09-18
367,tt4765604,2016-09-18,2016-09-18,,Pro lyubov,https://www.imdb.com/title/tt4765604/,movie,6.5,115,2015,"Comedy, Drama",660,2015-06-13,Anna Melikyan,5,2016-09-18
368,tt4425152,2016-09-19,2016-09-19,,Pojkarna,https://www.imdb.com/title/tt4425152/,movie,6.1,106,2015,Drama,698,2015-09-12,Alexandra-Therese Keining,9,2016-09-19
369,tt2262161,2016-09-20,2016-09-20,,Sunset Song,https://www.imdb.com/title/tt2262161/,movie,6.5,135,2015,Drama,2587,2015-09-13,Terence Davies,,
370,tt5432188,2016-09-20,2016-09-20,,Kater,https://www.imdb.com/title/tt5432188/,movie,5.9,124,2016,Drama,589,2016-02-13,Händl Klaus,,
371,tt3471098,2016-09-21,2016-09-21,,Maggie's Plan,https://www.imdb.com/title/tt3471098/,movie,6.2,98,2015,"Comedy, Drama, Romance",11936,2015-09-12,Rebecca Miller,7,2016-09-21
372,tt3828058,2016-09-22,2016-09-22,,Rodinny film,https://www.imdb.com/title/tt3828058/,movie,6.5,95,2015,Drama,302,2015-09-21,Olmo Omerzu,8,2016-09-22
373,tt4400174,2016-09-24,2016-09-24,,À peine j'ouvre les yeux,https://www.imdb.com/title/tt4400174/,movie,6.8,102,2015,Drama,914,2015-09-05,Leyla Bouzid,8,2016-09-25
374,tt5096628,2016-09-24,2016-09-24,,Théo et Hugo dans le même bateau,https://www.imdb.com/title/tt5096628/,movie,6.5,97,2016,"Drama, Romance",1571,2016-02-15,"Jacques Martineau, Olivier Ducastel",7,2016-09-25
375,tt5072542,2016-09-24,2016-09-24,,Les premiers les derniers,https://www.imdb.com/title/tt5072542/,movie,6.5,98,2016,"Comedy, Crime, Romance",673,2016-01-05,Bouli Lanners,7,2016-09-25
376,tt4153324,2016-09-25,2016-09-25,,Tjuvheder,https://www.imdb.com/title/tt4153324/,movie,7.1,92,2015,"Crime, Drama",1100,2015-09-20,Peter Grönlund,9,2016-09-25
377,tt2172095,2016-09-25,2016-09-25,,Det vita folket,https://www.imdb.com/title/tt2172095/,movie,4.4,82,2015,"Drama, Mystery, Sci-Fi",256,2015-11-11,Lisa Aschan,8,2016-09-25
378,tt3416532,2016-09-25,2016-09-25,,A Monster Calls,https://www.imdb.com/title/tt3416532/,movie,7.5,108,2016,"Animation, Drama, Fantasy",58637,2016-09-09,J.A. Bayona,9,2016-09-25
379,tt0074216,2016-09-29,2016-09-29,,The Blank Generation,https://www.imdb.com/title/tt0074216/,movie,6.2,55,1976,"Documentary, Music",194,1976-04-22,"Ivan Král, Amos Poe",1,2016-09-29
380,tt1935859,2016-10-01,2016-10-01,,Miss Peregrine's Home for Peculiar Children,https://www.imdb.com/title/tt1935859/,movie,6.7,127,2016,"Adventure, Drama, Family, Fantasy",125200,2016-09-25,Tim Burton,8,2016-10-01
381,tt0086122,2016-10-04,2016-10-04,,The Ploughman's Lunch,https://www.imdb.com/title/tt0086122/,movie,6.6,107,1983,Drama,292,1983-05-01,Richard Eyre,,
382,tt2246565,2016-10-23,2016-10-23,,An Honest Liar,https://www.imdb.com/title/tt2246565/,movie,7.5,90,2014,"Documentary, Biography, Comedy, History",7357,2014-04-18,"Tyler Measom, Justin Weinstein",,
383,tt5219412,2016-10-25,2016-10-25,,Rockin' High: The Highest Gig in the World,https://www.imdb.com/title/tt5219412/,tvMovie,7.6,50,2015,"Musical, Reality-TV, Talk-Show",5,2015-11-16,,,
384,tt3908142,2016-11-09,2016-11-09,,The Love Witch,https://www.imdb.com/title/tt3908142/,movie,6.2,120,2016,"Comedy, Horror, Romance",7194,2016-01-31,Anna Biller,7,2016-11-09
385,tt0138393,2016-11-11,2016-11-11,,The Decline of Western Civilization Part III,https://www.imdb.com/title/tt0138393/,movie,7.2,86,1998,"Documentary, Music",753,1998-01-01,Penelope Spheeris,,
386,tt4550098,2016-12-06,2016-12-06,,Nocturnal Animals,https://www.imdb.com/title/tt4550098/,movie,7.5,116,2016,"Crime, Drama, Romance, Thriller",171586,2016-09-02,Tom Ford,10,2016-12-25
387,tt0030307,2016-12-06,2016-12-06,,Jääkärin morsian,https://www.imdb.com/title/tt0030307/,movie,5.7,97,1938,"Drama, History, War",66,1938-02-27,Risto Orko,,
388,tt0475784,2016-12-15,2016-12-15,,Westworld,https://www.imdb.com/title/tt0475784/,tvSeries,8.9,62,2016,"Drama, Mystery, Sci-Fi, Western",257393,2016-09-30,,,
389,tt2543164,2016-12-20,2016-12-20,,Arrival,https://www.imdb.com/title/tt2543164/,movie,7.9,116,2016,"Drama, Mystery, Sci-Fi, Thriller",434632,2016-09-01,Denis Villeneuve,,
390,tt0039628,2016-12-25,2016-12-25,,Miracle on 34th Street,https://www.imdb.com/title/tt0039628/,movie,7.9,96,1947,"Comedy, Drama, Family",34373,1947-06-04,George Seaton,,
391,tt0068182,2017-01-11,2017-01-11,,"Aguirre, der Zorn Gottes",https://www.imdb.com/title/tt0068182/,movie,8.0,95,1972,"Adventure, Biography, Drama, History",43154,1972-12-29,Werner Herzog,,
392,tt2361317,2017-01-15,2017-01-15,,Live by Night,https://www.imdb.com/title/tt2361317/,movie,6.4,129,2016,"Action, Crime, Drama, Thriller",40145,2016-12-13,Ben Affleck,3,2017-01-15
393,tt4610372,2017-01-27,2017-01-27,,Noma My Perfect Storm,https://www.imdb.com/title/tt4610372/,movie,6.1,100,2015,Documentary,511,2015-11-03,Pierre Deschamps,,
394,tt5116410,2017-01-27,2017-01-27,,Tower,https://www.imdb.com/title/tt5116410/,movie,8.0,96,2016,"Documentary, Animation, Crime",4852,2016-03-13,Keith Maitland,,
395,tt5140848,2017-01-29,2017-01-29,,Det Han Gjorde,https://www.imdb.com/title/tt5140848/,movie,6.7,62,2015,"Documentary, Biography",21,2015-11-06,Jonas Poher Rasmussen,,
396,tt6399400,2017-02-06,2017-02-06,,Kiehumispiste,https://www.imdb.com/title/tt6399400/,movie,6.6,90,2017,Documentary,84,2017-01-23,Elina Hirvonen,,
397,tt0097108,2017-02-23,2017-02-23,,"The Cook, the Thief, His Wife & Her Lover",https://www.imdb.com/title/tt0097108/,movie,7.6,124,1989,"Crime, Drama",29656,1989-09-04,Peter Greenaway,,
398,tt2870648,2017-02-26,2017-02-26,,Amy,https://www.imdb.com/title/tt2870648/,movie,7.8,128,2015,"Documentary, Biography, Music",39641,2015-05-16,Asif Kapadia,9,2017-02-26
399,tt5226984,2017-02-26,2017-02-26,,Tom of Finland,https://www.imdb.com/title/tt5226984/,movie,7.0,115,2017,"Biography, Drama",2431,2017-01-27,Dome Karukoski,,
400,tt0048624,2017-03-18,2017-03-18,,Sissi,https://www.imdb.com/title/tt0048624/,movie,7.1,102,1955,"Comedy, Drama, History, Romance",6355,1955-12-21,Ernst Marischka,,
401,tt4975722,2017-03-26,2017-03-26,,Moonlight,https://www.imdb.com/title/tt4975722/,movie,7.5,111,2016,Drama,184595,2016-09-02,Barry Jenkins,,
402,tt5029608,2017-03-30,2017-03-30,,Frantz,https://www.imdb.com/title/tt5029608/,movie,7.5,113,2016,"Drama, History, Romance, War",8333,2016-09-03,François Ozon,,
403,tt4666726,2017-03-30,2017-03-30,,Christine,https://www.imdb.com/title/tt4666726/,movie,6.9,119,2016,"Biography, Drama",8867,2016-01-23,Antonio Campos,,
404,tt3882074,2017-03-31,2017-03-31,,The Eagle Huntress,https://www.imdb.com/title/tt3882074/,movie,7.5,87,2016,"Documentary, Adventure, Sport",2489,2016-01-24,Otto Bell,,
405,tt5804038,2017-03-31,2017-03-31,,I Am Not Your Negro,https://www.imdb.com/title/tt5804038/,movie,7.8,93,2016,Documentary,10711,2016-09-10,Raoul Peck,,
406,tt1878870,2017-03-31,2017-03-31,,The Edge of Seventeen,https://www.imdb.com/title/tt1878870/,movie,7.4,104,2016,"Comedy, Drama",68292,2016-09-16,Kelly Fremon Craig,,
407,tt3721936,2017-04-02,2017-04-02,,American Honey,https://www.imdb.com/title/tt3721936/,movie,7.0,163,2016,"Adventure, Drama, Romance",26092,2016-05-15,Andrea Arnold,,
408,tt5141494,2017-04-02,2017-04-02,,Maman a tort,https://www.imdb.com/title/tt5141494/,movie,6.5,110,2016,Drama,121,2016-08-24,Marc Fitoussi,,
409,tt4630550,2017-04-02,2017-04-02,,La fille inconnue,https://www.imdb.com/title/tt4630550/,movie,6.5,113,2016,"Crime, Drama, Mystery, Thriller",4942,2016-05-18,"Luc Dardenne, Jean-Pierre Dardenne",,
410,tt2582782,2017-04-02,2017-04-02,,Hell or High Water,https://www.imdb.com/title/tt2582782/,movie,7.6,102,2016,"Crime, Drama, Thriller, Western",147727,2016-05-16,David Mackenzie,,
411,tt5278506,2017-04-09,2017-04-09,,Tickled,https://www.imdb.com/title/tt5278506/,movie,7.6,92,2016,"Documentary, Mystery",10281,2016-01-24,"David Farrier, Dylan Reeve",,
412,tt1527186,2017-04-09,2017-04-09,,Melancholia,https://www.imdb.com/title/tt1527186/,movie,7.1,135,2011,"Drama, Fantasy, Sci-Fi",143505,2011-05-18,Lars von Trier,,
413,tt4846340,2017-04-13,2017-04-13,,Hidden Figures,https://www.imdb.com/title/tt4846340/,movie,7.8,127,2016,"Biography, Drama, History",142586,2016-12-25,Theodore Melfi,2,2017-04-13
414,tt4645368,2017-04-17,2017-04-17,,Juste la fin du monde,https://www.imdb.com/title/tt4645368/,movie,6.9,97,2016,Drama,15002,2016-05-19,Xavier Dolan,1,2017-04-17
415,tt5196660,2017-04-19,2017-04-19,,Amateur,https://www.imdb.com/title/tt5196660/,movie,6.5,97,2016,Thriller,39,2016-11-19,Sebastian Perillo,,
416,tt4982166,2017-04-19,2017-04-19,,La noche del virgen,https://www.imdb.com/title/tt4982166/,movie,5.4,116,2016,"Comedy, Fantasy, Horror, Mystery, Thriller",232,2016-10-16,Roberto San Sebastián,10,2017-04-20
417,tt4954522,2017-04-20,2017-04-20,,Grave,https://www.imdb.com/title/tt4954522/,movie,7.0,99,2016,"Drama, Horror",35113,2016-05-14,Julia Ducournau,9,2017-04-20
418,tt4158096,2017-04-20,2017-04-20,,Free Fire,https://www.imdb.com/title/tt4158096/,movie,6.4,91,2016,"Action, Comedy, Crime, Thriller",28752,2016-09-08,Ben Wheatley,9,2017-04-20
419,tt6559976,2017-04-20,2017-04-20,,Viulu,https://www.imdb.com/title/tt6559976/,short,5.6,12,2017,"Short, Action",7,2017-04-20,Ramin Sohrab,,
420,tt5584732,2017-04-21,2017-04-21,,Die Hölle,https://www.imdb.com/title/tt5584732/,movie,6.5,92,2017,Thriller,485,2017-01-19,Stefan Ruzowitzky,4,2017-04-21
421,tt4909602,2017-04-21,2017-04-21,,Lyst,https://www.imdb.com/title/tt4909602/,movie,3.8,84,2017,"Horror, Mystery, Thriller",111,2017-04-21,Severin Eskeland,,
422,tt6019068,2017-04-22,2017-04-22,,The Mentors: Kings of Sleaze Rockumentary,https://www.imdb.com/title/tt6019068/,movie,7.4,78,2017,"Documentary, Comedy, Music",9,2017-04-21,April Jones,,
423,tt5207320,2017-04-22,2017-04-22,,"Sweet, Sweet Lonely Girl",https://www.imdb.com/title/tt5207320/,movie,5.4,76,2016,"Drama, Horror, Thriller",462,2016-09-22,A.D. Calvo,,
424,tt0084861,2017-04-22,2017-04-22,,Vice Squad,https://www.imdb.com/title/tt0084861/,movie,6.4,97,1982,"Action, Crime, Drama, Thriller",1430,1982-01-22,Gary Sherman,,
425,tt5052448,2017-05-06,2017-05-06,,Get Out,https://www.imdb.com/title/tt5052448/,movie,7.7,104,2017,"Horror, Mystery, Thriller",266355,2017-01-23,Jordan Peele,,
426,tt6712394,2017-05-08,2017-05-08,,Muodonmuutoksia,https://www.imdb.com/title/tt6712394/,movie,6.4,75,2017,"Documentary, Sport",19,2017-03-31,Kati Juurus,,
427,tt6098922,2017-05-08,2017-05-08,,Louis Theroux: Savile,https://www.imdb.com/title/tt6098922/,tvMovie,7.4,75,2016,Documentary,1007,2016-10-02,Arthur Cary,,
428,tt6144536,2017-05-09,2017-05-09,,Chez nous,https://www.imdb.com/title/tt6144536/,movie,6.4,117,2017,Drama,568,2017-01-25,Lucas Belvaux,,
429,tt4714568,2017-05-12,2017-05-12,,The Young Offenders,https://www.imdb.com/title/tt4714568/,movie,7.1,83,2016,"Adventure, Comedy, Crime",6566,2016-09-16,Peter Foott,,
430,tt4197642,2017-05-12,2017-05-12,,A Date for Mad Mary,https://www.imdb.com/title/tt4197642/,movie,7.1,82,2016,"Comedy, Drama, Romance",1047,2016-07-02,Darren Thornton,,
431,tt4746506,2017-05-14,2017-05-14,,Fai bei sogni,https://www.imdb.com/title/tt4746506/,movie,6.6,131,2016,"Drama, Romance",1024,2016-05-12,Marco Bellocchio,,
432,tt5311514,2017-05-14,2017-05-14,,Kimi no na wa.,https://www.imdb.com/title/tt5311514/,movie,8.5,106,2016,"Animation, Drama, Fantasy, Romance",80918,2016-07-03,Makoto Shinkai,,
433,tt4621872,2017-05-26,2017-05-26,,La pazza gioia,https://www.imdb.com/title/tt4621872/,movie,7.3,118,2016,"Comedy, Drama",5717,2016-05-14,Paolo Virzì,,
434,tt1259521,2017-05-29,2017-05-29,,The Cabin in the Woods,https://www.imdb.com/title/tt1259521/,movie,7.0,95,2012,"Fantasy, Horror",312805,2012-03-09,Drew Goddard,,
435,tt0169806,2017-06-03,2017-06-03,,Dropout,https://www.imdb.com/title/tt0169806/,movie,7.4,109,1970,"Romance, Drama",106,1970-12-18,Tinto Brass,,
436,tt0104782,2017-06-04,2017-06-04,,Léolo,https://www.imdb.com/title/tt0104782/,movie,7.6,107,1992,"Comedy, Drama",6050,1992-09-16,Jean-Claude Lauzon,1,2017-09-19
437,tt0082592,2017-06-04,2017-06-04,,Just Before Dawn,https://www.imdb.com/title/tt0082592/,movie,6.3,90,1981,"Horror, Thriller",4045,1981-10-14,Jeff Lieberman,,
438,tt0085935,2017-06-04,2017-06-04,,Metalstorm: The Destruction of Jared-Syn,https://www.imdb.com/title/tt0085935/,movie,3.7,84,1983,"Adventure, Sci-Fi, Action, Romance",1351,1983-08-19,Charles Band,,
439,tt4799050,2017-07-03,2017-07-03,,Rough Night,https://www.imdb.com/title/tt4799050/,movie,5.2,101,2017,Comedy,28650,2017-06-15,Lucia Aniello,,
440,tt3469046,2017-07-13,2017-07-13,,Despicable Me 3,https://www.imdb.com/title/tt3469046/,movie,6.3,89,2017,"Animation, Action, Adventure, Comedy, Family, Sci-Fi",66806,2017-06-14,"Eric Guillon, Pierre Coffin, Kyle Balda",,
441,tt0351283,2017-07-16,2017-07-16,,Madagascar,https://www.imdb.com/title/tt0351283/,movie,6.9,86,2005,"Animation, Adventure, Comedy, Family",302754,2005-05-25,"Tom McGrath, Eric Darnell",,
442,tt3082854,2017-07-19,2017-07-19,,Kollektivet,https://www.imdb.com/title/tt3082854/,movie,6.4,111,2016,Drama,4577,2016-01-14,Thomas Vinterberg,,
443,tt4016934,2017-07-22,2017-07-22,,Ah-ga-ssi,https://www.imdb.com/title/tt4016934/,movie,8.1,144,2016,"Crime, Drama, Mystery, Romance, Thriller",56132,2016-05-14,Chan-wook Park,8,2017-09-19
444,tt0479952,2017-07-23,2017-07-23,,Madagascar: Escape 2 Africa,https://www.imdb.com/title/tt0479952/,movie,6.7,89,2008,"Animation, Action, Adventure, Comedy, Family",166874,2008-10-30,"Tom McGrath, Eric Darnell",,
445,tt0451279,2017-07-24,2017-07-24,,Wonder Woman,https://www.imdb.com/title/tt0451279/,movie,7.5,141,2017,"Action, Adventure, Fantasy, Sci-Fi, War",381423,2017-05-15,Patty Jenkins,7,2017-09-19
446,tt3890160,2017-07-29,2017-07-29,,Baby Driver,https://www.imdb.com/title/tt3890160/,movie,7.7,112,2017,"Action, Crime, Music, Thriller",272702,2017-03-11,Edgar Wright,,
447,tt4381236,2017-08-16,2017-08-16,,The Greasy Strangler,https://www.imdb.com/title/tt4381236/,movie,5.6,93,2016,"Comedy, Horror",4050,2016-01-22,Jim Hosking,,
448,tt3744428,2017-08-19,2017-08-19,,Järven tarina,https://www.imdb.com/title/tt3744428/,movie,7.3,76,2016,Documentary,372,2016-01-15,"Kim Saarniluoto, Marko Röhr",,
449,tt5140878,2017-08-20,2017-08-20,,Annabelle: Creation,https://www.imdb.com/title/tt5140878/,movie,6.6,109,2017,"Horror, Mystery, Thriller",65202,2017-06-19,David F. Sandberg,1,2017-08-20
450,tt5543600,2017-08-25,2017-08-25,,Napapiirin sankarit 3,https://www.imdb.com/title/tt5543600/,movie,5.8,103,2017,Comedy,345,2017-08-25,Tiina Lymi,4,2017-09-20
451,tt4695012,2017-08-27,2017-08-27,,It Comes at Night,https://www.imdb.com/title/tt4695012/,movie,6.2,91,2017,"Horror, Mystery",50218,2017-04-29,Trey Edward Shults,8,2017-09-16
452,tt0117797,2017-08-31,2017-08-31,,Suwarôteiru,https://www.imdb.com/title/tt0117797/,movie,7.7,148,1996,"Crime, Drama",2924,1996-09-04,Shunji Iwai,,
453,tt4698684,2017-09-03,2017-09-03,,Hunt for the Wilderpeople,https://www.imdb.com/title/tt4698684/,movie,7.9,101,2016,"Adventure, Comedy, Drama",70431,2016-01-22,Taika Waititi,9,2017-09-19
454,tt0104684,2017-09-06,2017-09-06,,Lat sau san taam,https://www.imdb.com/title/tt0104684/,movie,7.9,128,1992,"Action, Crime, Thriller",41413,1992-04-16,John Woo,,
455,tt4846232,2017-09-09,2017-09-09,,Good Time,https://www.imdb.com/title/tt4846232/,movie,7.3,101,2017,"Crime, Drama, Thriller",31613,2017-05-25,"Benny Safdie, Josh Safdie",,
456,tt5728684,2017-09-10,2017-09-10,,Sour Grapes,https://www.imdb.com/title/tt5728684/,movie,7.3,85,2016,Documentary,2023,2016-05-03,"Jerry Rothwell, Reuben Atlas",,
457,tt6367558,2017-09-15,2017-09-15,,L'amant double,https://www.imdb.com/title/tt6367558/,movie,6.2,107,2017,"Drama, Romance, Thriller",4254,2017-05-26,François Ozon,6,2017-09-16
458,tt6273226,2017-09-15,2017-09-15,,Mogadishu Soldier,https://www.imdb.com/title/tt6273226/,movie,6.7,84,2016,"Documentary, War",26,2016-11-19,Torstein Grude,,
459,tt5535406,2017-09-15,2017-09-15,,Swagger,https://www.imdb.com/title/tt5535406/,movie,7.1,84,2016,Documentary,216,2016-05-14,Olivier Babinet,,
460,tt5687040,2017-09-16,2017-09-16,,Les fantômes d'Ismaël,https://www.imdb.com/title/tt5687040/,movie,5.8,114,2017,"Drama, Romance, Thriller",864,2017-05-17,Arnaud Desplechin,2,2017-09-16
461,tt2989524,2017-09-16,2017-09-16,,Carrie Pilby,https://www.imdb.com/title/tt2989524/,movie,6.6,98,2016,"Comedy, Drama",3878,2016-09-09,Susan Johnson,7,2017-09-16
462,tt6288250,2017-09-16,2017-09-16,,Patti Cake$,https://www.imdb.com/title/tt6288250/,movie,6.6,109,2017,"Drama, Music",5685,2017-01-23,Geremy Jasper,8,2017-09-16
463,tt3091552,2017-09-16,2017-09-16,,At Berkeley,https://www.imdb.com/title/tt3091552/,movie,7.3,244,2013,Documentary,467,2013-09-02,Frederick Wiseman,,
464,tt6397762,2017-09-17,2017-09-17,,Las hijas de Abril,https://www.imdb.com/title/tt6397762/,movie,6.7,103,2017,Drama,728,2017-05-20,Michel Franco,8,2017-09-17
465,tt5687814,2017-09-17,2017-09-17,,Golden Exits,https://www.imdb.com/title/tt5687814/,movie,6.1,94,2017,Drama,684,2017-01-22,Alex Ross Perry,,
466,tt6303866,2017-09-17,2017-09-17,,Beach Rats,https://www.imdb.com/title/tt6303866/,movie,6.5,98,2017,Drama,4519,2017-01-23,Eliza Hittman,,
467,tt6642870,2017-09-18,2017-09-18,,Le vénérable W.,https://www.imdb.com/title/tt6642870/,movie,7.2,100,2017,Documentary,345,2017-05-20,Barbet Schroeder,,
468,tt4291600,2017-09-19,2017-09-19,,Lady Macbeth,https://www.imdb.com/title/tt4291600/,movie,6.9,89,2016,"Drama, Romance",10743,2016-09-10,William Oldroyd,9,2017-09-19
469,tt4560748,2017-09-19,2017-09-19,,Tokasikajuttu,https://www.imdb.com/title/tt4560748/,movie,7.7,100,2017,Documentary,71,2017-09-19,"Jukka Kärkkäinen, Jani-Petteri Passi",9,2017-09-20
470,tt5590718,2017-09-20,2017-09-20,,All This Panic,https://www.imdb.com/title/tt5590718/,movie,6.7,79,2016,Documentary,267,2016-04-14,Jenny Gage,,
471,tt6509862,2017-09-20,2017-09-20,,Ryu san,https://www.imdb.com/title/tt6509862/,movie,7.3,129,2017,"Action, Crime, Drama",301,2017-02-13,SABU,,
472,tt5431082,2017-09-21,2017-09-21,,Underverden,https://www.imdb.com/title/tt5431082/,movie,6.8,112,2017,"Action, Crime, Drama, Thriller",3253,2017-01-01,Fenar Ahmad,9,2017-09-21
473,tt6510954,2017-09-21,2017-09-21,,Dröm vidare,https://www.imdb.com/title/tt6510954/,movie,7.0,92,2017,Drama,161,2017-01-28,Rojda Sekersöz,,
474,tt5518756,2017-09-21,2017-09-21,,The Misandrists,https://www.imdb.com/title/tt5518756/,movie,5.8,91,2017,"Comedy, Drama",137,2017-02-13,Bruce La Bruce,,
475,tt4645330,2017-09-22,2017-09-22,,Denial,https://www.imdb.com/title/tt4645330/,movie,6.6,109,2016,"Biography, Drama",12836,2016-09-11,Mick Jackson,4,2017-09-22
476,tt5189894,2017-09-22,2017-09-22,,68 Kill,https://www.imdb.com/title/tt5189894/,movie,6.0,93,2017,"Comedy, Crime, Romance, Thriller",2199,2017-03-11,Trent Haaga,9,2017-09-22
477,tt5084170,2017-09-23,2017-09-23,,Mugen no jûnin,https://www.imdb.com/title/tt5084170/,movie,6.8,140,2017,"Action, Drama",7620,2017-04-29,Takashi Miike,6,2017-09-23
478,tt3721954,2017-09-23,2017-09-23,,Maudie,https://www.imdb.com/title/tt3721954/,movie,7.7,115,2016,"Biography, Drama, Romance",6781,2016-09-02,Aisling Walsh,,
479,tt5462602,2017-09-23,2017-09-23,,The Big Sick,https://www.imdb.com/title/tt5462602/,movie,7.6,120,2017,"Comedy, Drama, Romance",75363,2017-01-20,Michael Showalter,,
480,tt5598160,2017-09-24,2017-09-24,,Jeune femme,https://www.imdb.com/title/tt5598160/,movie,6.9,97,2017,Drama,610,2017-05-23,Léonor Serraille,,
481,tt6423776,2017-09-24,2017-09-24,,Un beau soleil intérieur,https://www.imdb.com/title/tt6423776/,movie,6.3,94,2017,"Comedy, Drama, Romance",1211,2017-05-18,Claire Denis,,
482,tt4995790,2017-09-24,2017-09-24,,The Square,https://www.imdb.com/title/tt4995790/,movie,7.5,151,2017,"Comedy, Drama",22437,2017-05-20,Ruben Östlund,,
483,tt4614918,2017-09-30,2017-09-30,,Puhtaus ja vaara,https://www.imdb.com/title/tt4614918/,movie,6.7,49,2017,Documentary,20,2017-01-24,Elina Talvensaari,,
484,tt0087544,2017-10-08,2017-10-08,,Kaze no tani no Naushika,https://www.imdb.com/title/tt0087544/,movie,8.1,117,1984,"Animation, Adventure, Fantasy, Sci-Fi",114077,1984-03-11,Hayao Miyazaki,,
485,tt0093870,2017-10-09,2017-10-09,,RoboCop,https://www.imdb.com/title/tt0093870/,movie,7.5,102,1987,"Action, Crime, Sci-Fi, Thriller",201114,1987-07-17,Paul Verhoeven,,
486,tt4173170,2017-10-10,2017-10-10,,Ikitie,https://www.imdb.com/title/tt4173170/,movie,7.5,103,2017,"Drama, History",550,2017-08-22,Antti-Jussi Annila,,
487,tt1856101,2017-10-10,2017-10-10,,Blade Runner 2049,https://www.imdb.com/title/tt1856101/,movie,8.2,164,2017,"Drama, Mystery, Sci-Fi, Thriller",254188,2017-10-03,Denis Villeneuve,,
488,tt0120201,2017-10-11,2017-10-11,,Starship Troopers,https://www.imdb.com/title/tt0120201/,movie,7.2,129,1997,"Action, Adventure, Sci-Fi, Thriller",239361,1997-11-04,Paul Verhoeven,,
489,tt0073195,2017-10-14,2017-10-14,,Jaws,https://www.imdb.com/title/tt0073195/,movie,8.0,124,1975,"Adventure, Drama, Thriller",469831,1975-06-20,Steven Spielberg,,
490,tt6150944,2017-10-15,2017-10-15,,Hobbyhorse revolution,https://www.imdb.com/title/tt6150944/,movie,7.1,88,2017,Documentary,121,2017-03-31,Selma Vilhunen,,
491,tt5557976,2017-10-18,2017-10-18,,Do Not Resist,https://www.imdb.com/title/tt5557976/,movie,7.0,72,2016,Documentary,880,2016-04-14,Craig Atkinson,,
492,tt5265960,2017-10-21,2017-10-21,,La región salvaje,https://www.imdb.com/title/tt5265960/,movie,6.3,98,2016,"Drama, Horror, Sci-Fi, Thriller",2208,2016-05-15,Amat Escalante,8,2017-10-21
493,tt0072271,2017-10-28,2017-10-28,,The Texas Chain Saw Massacre,https://www.imdb.com/title/tt0072271/,movie,7.5,83,1974,Horror,110925,1974-10-01,Tobe Hooper,,
494,tt0076786,2017-11-05,2017-11-05,,Suspiria,https://www.imdb.com/title/tt0076786/,movie,7.5,98,1977,Horror,54273,1977-02-01,Dario Argento,,
495,tt5016028,2017-11-06,2017-11-06,,Unlocking the Cage,https://www.imdb.com/title/tt5016028/,movie,7.0,91,2016,"Documentary, Drama, History, News",284,2016-01-25,"D.A. Pennebaker, Chris Hegedus",,
496,tt4614910,2017-11-09,2017-11-09,,Valkoinen raivo,https://www.imdb.com/title/tt4614910/,movie,7.6,73,2015,"Documentary, Biography",221,2015-11-17,Arto Halonen,,
497,tt6188658,2017-11-10,2017-11-10,,Food Evolution,https://www.imdb.com/title/tt6188658/,movie,6.9,92,2016,Documentary,395,2016-11-12,Scott Hamilton Kennedy,,
498,tt3262342,2017-11-12,2017-11-12,,Loving Vincent,https://www.imdb.com/title/tt3262342/,movie,7.9,94,2017,"Animation, Biography, Crime, Drama, Mystery",21062,2017-06-12,"Hugh Welchman, Dorota Kobiela",,
499,tt5287168,2017-11-18,2017-11-18,,Sameblod,https://www.imdb.com/title/tt5287168/,movie,7.4,110,2016,Drama,2978,2016-09-08,Amanda Kernell,,
500,tt5157326,2017-11-18,2017-11-18,,Western,https://www.imdb.com/title/tt5157326/,movie,7.2,119,2017,Drama,737,2017-02-16,Valeska Grisebach,,
501,tt6135348,2017-11-20,2017-11-20,,120 battements par minute,https://www.imdb.com/title/tt6135348/,movie,7.6,143,2017,Drama,5334,2017-05-20,Robin Campillo,,
502,tt6505968,2017-11-22,2017-11-22,,Armomurhaaja,https://www.imdb.com/title/tt6505968/,movie,7.4,85,2017,Thriller,181,2017-09-07,Teemu Nikki,,
503,tt6027344,2017-11-23,2017-11-23,,Mansfield 66/67,https://www.imdb.com/title/tt6027344/,movie,6.1,84,2017,"Documentary, Biography, Musical",83,2017-01-29,"Todd Hughes, P. David Ebersole",1,2017-11-23
504,tt6738136,2017-11-24,2017-11-24,,Revenge,https://www.imdb.com/title/tt6738136/,movie,6.4,108,2017,"Action, Thriller",498,2017-09-10,Coralie Fargeat,,
505,tt0088944,2017-11-24,2017-11-24,,Commando,https://www.imdb.com/title/tt0088944/,movie,6.7,90,1985,"Action, Adventure, Thriller",124816,1985-10-04,Mark L. Lester,10,2017-11-25
506,tt5847760,2017-11-25,2017-11-25,,Liberation Day,https://www.imdb.com/title/tt5847760/,movie,7.6,100,2016,"Documentary, Music, Musical",453,2016-11-19,"Ugis Olte, Morten Traavik",,
507,tt6147514,2017-11-25,2017-11-25,,VampyrVidar,https://www.imdb.com/title/tt6147514/,movie,5.8,83,2017,"Comedy, Fantasy, Horror",125,2017-08-23,"Thomas Aske Berg, Fredrik Waldeland",,
508,tt6777338,2017-11-25,2017-11-25,,Ak-Nyeo,https://www.imdb.com/title/tt6777338/,movie,6.7,129,2017,"Action, Thriller",5199,2017-05-21,Byung-gil Jung,,
509,tt3348730,2017-12-03,2017-12-03,,Jigsaw,https://www.imdb.com/title/tt3348730/,movie,5.9,92,2017,"Crime, Horror, Mystery, Thriller",37091,2017-10-25,"Michael Spierig, Peter Spierig",2,2017-12-03
510,tt1687901,2017-12-09,2017-12-09,,The Awakening,https://www.imdb.com/title/tt1687901/,movie,6.5,102,2011,"Horror, Thriller",56729,2011-09-16,Nick Murphy,,
511,tt4548864,2017-12-10,2017-12-10,,Blackhearts,https://www.imdb.com/title/tt4548864/,movie,6.4,83,2017,"Documentary, Music",124,2017-01-27,"Fredrik Horn Akselsen, Christian Falch",8,2017-12-10
512,tt0308090,2017-12-25,2017-12-25,,Autobonus,https://www.imdb.com/title/tt0308090/,movie,8.1,59,2001,"Documentary, Comedy, Drama",138,2001-01-01,Mika Ronkainen,,
513,tt3716530,2017-12-30,2017-12-30,,Elle,https://www.imdb.com/title/tt3716530/,movie,7.2,130,2016,"Crime, Drama, Thriller",46723,2016-05-21,Paul Verhoeven,,
514,tt0929425,2018-01-01,2018-01-01,,Gomorra,https://www.imdb.com/title/tt0929425/,movie,7.0,137,2008,"Crime, Drama",41490,2008-05-16,Matteo Garrone,,
515,tt0780504,2018-01-05,2018-01-05,,Drive,https://www.imdb.com/title/tt0780504/,movie,7.8,100,2011,"Crime, Drama",487506,2011-05-20,Nicolas Winding Refn,,
516,tt6181534,2018-01-07,2018-01-07,,La Cicciolina. Godmother of Scandal,https://www.imdb.com/title/tt6181534/,tvMovie,5.4,54,2016,"Documentary, Biography",158,2016-07-01,Alessandro Melazzini,,
517,tt7279180,2018-01-12,2018-01-12,,Solsidan,https://www.imdb.com/title/tt7279180/,movie,6.9,104,2017,"Comedy, Drama",1033,2017-12-01,"Felix Herngren, Måns Herngren",,
518,tt0076096,2018-01-20,2018-01-20,,Goodbye & Amen,https://www.imdb.com/title/tt0076096/,movie,6.6,103,1978,Thriller,128,1978-02-08,Damiano Damiani,,
519,tt0081237,2018-01-21,2018-01-21,,The Ninth Configuration,https://www.imdb.com/title/tt0081237/,movie,7.2,118,1980,"Comedy, Drama, Horror, Mystery, Thriller",4878,1980-02-29,William Peter Blatty,,
520,tt0073804,2018-01-21,2018-01-21,,"Superuomini, superdonne, superbotte",https://www.imdb.com/title/tt0073804/,movie,4.8,105,1974,"Action, Adventure, Comedy, Fantasy, Sci-Fi",187,1974-04-11,Alfonso Brescia,,
521,tt5337798,2018-01-21,2018-01-21,,Perfect Horse,https://www.imdb.com/title/tt5337798/,movie,6.8,,2015,Documentary,6,2015-09-25,Hans Fels,,
522,tt0141785,2018-01-21,2018-01-21,,Risto Vanarin piilokamera,https://www.imdb.com/title/tt0141785/,movie,4.6,101,1979,Comedy,7,1979-01-19,Risto Vanari,,
523,tt4555426,2018-01-23,2018-01-23,,Darkest Hour,https://www.imdb.com/title/tt4555426/,movie,7.4,125,2017,"Biography, Drama, History, War",62703,2017-09-01,Joe Wright,,
524,tt0076009,2018-01-24,2018-01-24,,Exorcist II: The Heretic,https://www.imdb.com/title/tt0076009/,movie,3.7,118,1977,Horror,18099,1977-06-17,John Boorman,3,2018-01-24
525,tt3521126,2018-02-03,2018-02-03,,The Disaster Artist,https://www.imdb.com/title/tt3521126/,movie,7.7,104,2017,"Biography, Comedy, Drama",55082,2017-09-11,James Franco,,
526,tt6209282,2018-02-04,2018-02-04,,Ex Libris: The New York Public Library,https://www.imdb.com/title/tt6209282/,movie,7.6,197,2017,Documentary,257,2017-09-04,Frederick Wiseman,,
527,tt7218812,2018-02-04,2018-02-04,,Druga strana svega,https://www.imdb.com/title/tt7218812/,movie,8.6,100,2017,Documentary,369,2017-09-14,Mila Turajlic,,
528,tt5726616,2018-02-11,2018-02-11,,Call Me by Your Name,https://www.imdb.com/title/tt5726616/,movie,8.1,132,2017,"Drama, Romance",69054,2017-01-22,Luca Guadagnino,,
529,tt0088814,2018-02-18,2018-02-18,,The Black Cauldron,https://www.imdb.com/title/tt0088814/,movie,6.5,80,1985,"Animation, Action, Adventure, Family, Fantasy, Horror",25180,1985-07-24,"Ted Berman, Richard Rich",,
530,tt5580390,2018-02-20,2018-02-20,,The Shape of Water,https://www.imdb.com/title/tt5580390/,movie,7.7,123,2017,"Adventure, Drama, Fantasy, Horror, Romance, Thriller",109184,2017-08-31,Guillermo del Toro,6,2018-02-20
531,tt5027774,2018-02-23,2018-02-23,,"Three Billboards Outside Ebbing, Missouri",https://www.imdb.com/title/tt5027774/,movie,8.3,115,2017,"Crime, Drama",148350,2017-09-04,Martin McDonagh,,
532,tt5073020,2018-02-24,2018-02-24,,God Knows Where I Am,https://www.imdb.com/title/tt5073020/,movie,7.5,97,2016,"Documentary, Biography, Drama, History, Mystery",76,2016-04-07,"Todd Wider, Jedd Wider",,
533,tt4170344,2018-02-25,2018-02-25,,I Called Him Morgan,https://www.imdb.com/title/tt4170344/,movie,7.2,92,2016,"Documentary, Drama, History, Music",754,2016-09-01,Kasper Collin,,
534,tt0066765,2018-03-02,2018-03-02,,And Now for Something Completely Different,https://www.imdb.com/title/tt0066765/,movie,7.6,88,1971,Comedy,26089,1971-09-28,Ian MacNaughton,10,2018-03-02
